order_id,route_id,stop_seq,promised_at,delivered_at,first_attempt,station_id,region,carrier_id
O-1000,R-2023-05-01-00,1,2023-05-01 18:38:49,2023-05-01 18:38:49,1,BOS-3,Northeast,DSP-31
O-1001,R-2023-05-01-00,2,2023-05-01 13:24:48,2023-05-01 13:19:48,1,BOS-3,Northeast,DSP-31
O-1002,R-2023-05-01-00,3,2023-05-01 14:14:35,2023-05-01 13:49:35,1,BOS-3,Northeast,DSP-31
O-1003,R-2023-05-01-00,4,2023-05-01 13:00:26,2023-05-01 12:55:26,1,BOS-3,Northeast,DSP-31
O-1004,R-2023-05-01-00,5,2023-05-01 15:51:47,2023-05-01 16:26:47,1,BOS-3,Northeast,DSP-31
O-1005,R-2023-05-01-00,6,2023-05-01 15:17:38,2023-05-01 15:27:38,1,BOS-3,Northeast,DSP-31
O-1006,R-2023-05-01-00,7,2023-05-01 15:03:11,2023-05-01 14:58:11,1,BOS-3,Northeast,DSP-31
O-1007,R-2023-05-01-00,8,2023-05-01 17:36:50,2023-05-01 17:46:50,1,BOS-3,Northeast,DSP-31
O-1008,R-2023-05-01-00,9,2023-05-01 14:46:24,2023-05-01 14:41:24,1,BOS-3,Northeast,DSP-31
O-1009,R-2023-05-01-00,10,2023-05-01 14:49:10,2023-05-01 14:59:10,1,BOS-3,Northeast,DSP-31
O-1010,R-2023-05-01-00,11,2023-05-01 16:53:59,2023-05-01 16:48:59,1,BOS-3,Northeast,DSP-31
O-1011,R-2023-05-01-00,12,2023-05-01 15:17:25,,0,BOS-3,Northeast,DSP-31
O-1012,R-2023-05-01-00,13,2023-05-01 12:06:49,2023-05-01 12:16:49,1,BOS-3,Northeast,DSP-31
O-1013,R-2023-05-01-00,14,2023-05-01 16:28:14,2023-05-01 16:03:14,1,BOS-3,Northeast,DSP-31
O-1014,R-2023-05-01-01,1,2023-05-01 16:00:04,2023-05-01 16:20:04,1,NYC-2,Northeast,3PL-ACME
O-1015,R-2023-05-01-01,2,2023-05-01 14:04:49,2023-05-01 13:59:49,1,NYC-2,Northeast,3PL-ACME
O-1016,R-2023-05-01-01,3,2023-05-01 14:09:39,,0,NYC-2,Northeast,3PL-ACME
O-1017,R-2023-05-01-01,4,2023-05-01 15:14:19,2023-05-01 15:14:19,1,NYC-2,Northeast,3PL-ACME
O-1018,R-2023-05-01-01,5,2023-05-01 12:57:04,2023-05-01 13:57:04,0,NYC-2,Northeast,3PL-ACME
O-1019,R-2023-05-01-01,6,2023-05-01 13:05:07,2023-05-01 13:25:07,1,NYC-2,Northeast,3PL-ACME
O-1020,R-2023-05-01-02,1,2023-05-01 14:04:56,2023-05-01 13:54:56,1,NYC-2,Northeast,DSP-31
O-1021,R-2023-05-01-02,2,2023-05-01 15:29:55,2023-05-01 15:04:55,1,NYC-2,Northeast,DSP-31
O-1022,R-2023-05-01-02,3,2023-05-01 14:29:33,2023-05-01 14:24:33,1,NYC-2,Northeast,DSP-31
O-1023,R-2023-05-01-02,4,2023-05-01 12:17:48,2023-05-01 12:37:48,1,NYC-2,Northeast,DSP-31
O-1024,R-2023-05-01-02,5,2023-05-01 13:53:50,2023-05-01 13:48:50,1,NYC-2,Northeast,DSP-31
O-1025,R-2023-05-01-02,6,2023-05-01 15:10:47,2023-05-01 15:30:47,1,NYC-2,Northeast,DSP-31
O-1026,R-2023-05-01-02,7,2023-05-01 13:14:48,2023-05-01 12:49:48,1,NYC-2,Northeast,DSP-31
O-1027,R-2023-05-01-02,8,2023-05-01 14:41:30,,0,NYC-2,Northeast,DSP-31
O-1028,R-2023-05-01-02,9,2023-05-01 12:05:52,2023-05-01 11:40:52,1,NYC-2,Northeast,DSP-31
O-1029,R-2023-05-01-02,10,2023-05-01 16:03:09,2023-05-01 16:23:09,0,NYC-2,Northeast,DSP-31
O-1030,R-2023-05-01-02,11,2023-05-01 13:06:49,2023-05-01 13:01:49,1,NYC-2,Northeast,DSP-31
O-1031,R-2023-05-01-02,12,2023-05-01 14:53:09,2023-05-01 14:53:09,1,NYC-2,Northeast,DSP-31
O-1032,R-2023-05-01-03,1,2023-05-01 17:25:53,2023-05-01 17:25:53,1,SEA-5,Northwest,DSP-12
O-1033,R-2023-05-01-03,2,2023-05-01 17:39:01,2023-05-01 17:14:01,1,SEA-5,Northwest,DSP-12
O-1034,R-2023-05-01-03,3,2023-05-01 12:40:38,,0,SEA-5,Northwest,DSP-12
O-1035,R-2023-05-01-03,4,2023-05-01 14:21:38,2023-05-01 14:21:38,1,SEA-5,Northwest,DSP-12
O-1036,R-2023-05-01-03,5,2023-05-01 16:28:44,2023-05-01 16:18:44,1,SEA-5,Northwest,DSP-12
O-1037,R-2023-05-01-03,6,2023-05-01 15:33:11,2023-05-01 15:23:11,1,SEA-5,Northwest,DSP-12
O-1038,R-2023-05-01-03,7,2023-05-01 17:49:29,2023-05-01 17:24:29,1,SEA-5,Northwest,DSP-12
O-1039,R-2023-05-01-03,8,2023-05-01 14:09:51,2023-05-01 14:04:51,1,SEA-5,Northwest,DSP-12
O-1040,R-2023-05-01-03,9,2023-05-01 13:35:20,2023-05-01 13:30:20,1,SEA-5,Northwest,DSP-12
O-1041,R-2023-05-01-03,10,2023-05-01 15:59:15,2023-05-01 15:54:15,1,SEA-5,Northwest,DSP-12
O-1042,R-2023-05-01-03,11,2023-05-01 13:01:58,2023-05-01 12:51:58,1,SEA-5,Northwest,DSP-12
O-1043,R-2023-05-01-03,12,2023-05-01 11:24:31,2023-05-01 11:24:31,1,SEA-5,Northwest,DSP-12
O-1044,R-2023-05-01-03,13,2023-05-01 16:50:51,2023-05-01 17:25:51,1,SEA-5,Northwest,DSP-12
O-1045,R-2023-05-01-03,14,2023-05-01 11:46:13,2023-05-01 12:06:13,1,SEA-5,Northwest,DSP-12
O-1046,R-2023-05-01-03,15,2023-05-01 14:11:53,2023-05-01 14:01:53,1,SEA-5,Northwest,DSP-12
O-1047,R-2023-05-01-04,1,2023-05-01 14:53:07,2023-05-01 14:28:07,1,BOS-3,Northeast,3PL-ACME
O-1048,R-2023-05-01-04,2,2023-05-01 13:29:31,2023-05-01 14:04:31,0,BOS-3,Northeast,3PL-ACME
O-1049,R-2023-05-01-04,3,2023-05-01 17:07:18,2023-05-01 17:07:18,1,BOS-3,Northeast,3PL-ACME
O-1050,R-2023-05-01-04,4,2023-05-01 11:41:03,2023-05-01 11:41:03,1,BOS-3,Northeast,3PL-ACME
O-1051,R-2023-05-01-04,5,2023-05-01 13:02:27,2023-05-01 12:57:27,1,BOS-3,Northeast,3PL-ACME
O-1052,R-2023-05-01-04,6,2023-05-01 17:35:17,2023-05-01 17:25:17,1,BOS-3,Northeast,3PL-ACME
O-1053,R-2023-05-01-05,1,2023-05-01 16:49:50,2023-05-01 16:39:50,1,BOS-3,Northeast,DSP-31
O-1054,R-2023-05-01-05,2,2023-05-01 14:30:54,2023-05-01 14:20:54,1,BOS-3,Northeast,DSP-31
O-1055,R-2023-05-01-05,3,2023-05-01 15:02:21,2023-05-01 14:57:21,1,BOS-3,Northeast,DSP-31
O-1056,R-2023-05-01-05,4,2023-05-01 13:01:35,2023-05-01 13:01:35,1,BOS-3,Northeast,DSP-31
O-1057,R-2023-05-01-05,5,2023-05-01 11:23:54,2023-05-01 11:18:54,1,BOS-3,Northeast,DSP-31
O-1058,R-2023-05-01-05,6,2023-05-01 16:25:55,,0,BOS-3,Northeast,DSP-31
O-1059,R-2023-05-01-05,7,2023-05-01 12:26:43,2023-05-01 12:46:43,0,BOS-3,Northeast,DSP-31
O-1060,R-2023-05-01-05,8,2023-05-01 14:30:42,,0,BOS-3,Northeast,DSP-31
O-1061,R-2023-05-01-05,9,2023-05-01 11:23:17,2023-05-01 11:43:17,1,BOS-3,Northeast,DSP-31
O-1062,R-2023-05-01-05,10,2023-05-01 12:45:26,,0,BOS-3,Northeast,DSP-31
O-1063,R-2023-05-01-05,11,2023-05-01 17:19:15,2023-05-01 16:54:15,1,BOS-3,Northeast,DSP-31
O-1064,R-2023-05-01-05,12,2023-05-01 11:48:01,2023-05-01 12:48:01,0,BOS-3,Northeast,DSP-31
O-1065,R-2023-05-01-05,13,2023-05-01 16:45:38,2023-05-01 16:35:38,1,BOS-3,Northeast,DSP-31
O-1066,R-2023-05-01-05,14,2023-05-01 15:19:10,2023-05-01 15:29:10,1,BOS-3,Northeast,DSP-31
O-1067,R-2023-05-01-05,15,2023-05-01 16:59:43,2023-05-01 16:54:43,1,BOS-3,Northeast,DSP-31
O-1068,R-2023-05-01-06,1,2023-05-01 13:52:09,2023-05-01 13:52:09,1,SEA-5,Northwest,3PL-ACME
O-1069,R-2023-05-01-06,2,2023-05-01 12:50:30,2023-05-01 12:50:30,1,SEA-5,Northwest,3PL-ACME
O-1070,R-2023-05-01-06,3,2023-05-01 14:13:48,2023-05-01 14:23:48,1,SEA-5,Northwest,3PL-ACME
O-1071,R-2023-05-01-06,4,2023-05-01 14:39:09,2023-05-01 14:39:09,1,SEA-5,Northwest,3PL-ACME
O-1072,R-2023-05-01-06,5,2023-05-01 14:13:43,2023-05-01 14:03:43,1,SEA-5,Northwest,3PL-ACME
O-1073,R-2023-05-01-06,6,2023-05-01 15:40:06,2023-05-01 15:50:06,1,SEA-5,Northwest,3PL-ACME
O-1074,R-2023-05-01-06,7,2023-05-01 14:24:47,2023-05-01 14:14:47,1,SEA-5,Northwest,3PL-ACME
O-1075,R-2023-05-01-06,8,2023-05-01 13:14:04,2023-05-01 12:49:04,1,SEA-5,Northwest,3PL-ACME
O-1076,R-2023-05-01-06,9,2023-05-01 13:48:46,2023-05-01 13:38:46,1,SEA-5,Northwest,3PL-ACME
O-1077,R-2023-05-01-06,10,2023-05-01 15:17:16,,0,SEA-5,Northwest,3PL-ACME
O-1078,R-2023-05-01-06,11,2023-05-01 14:24:53,2023-05-01 14:44:53,0,SEA-5,Northwest,3PL-ACME
O-1079,R-2023-05-01-06,12,2023-05-01 11:33:48,2023-05-01 11:53:48,1,SEA-5,Northwest,3PL-ACME
O-1080,R-2023-05-01-06,13,2023-05-01 14:06:19,2023-05-01 14:06:19,1,SEA-5,Northwest,3PL-ACME
O-1081,R-2023-05-01-06,14,2023-05-01 15:06:51,2023-05-01 14:56:51,1,SEA-5,Northwest,3PL-ACME
O-1082,R-2023-05-01-06,15,2023-05-01 16:25:03,2023-05-01 16:35:03,1,SEA-5,Northwest,3PL-ACME
O-1083,R-2023-05-01-06,16,2023-05-01 12:59:36,2023-05-01 13:19:36,1,SEA-5,Northwest,3PL-ACME
O-1084,R-2023-05-01-07,1,2023-05-01 15:19:48,2023-05-01 15:09:48,1,NYC-2,Northeast,DSP-12
O-1085,R-2023-05-01-07,2,2023-05-01 11:45:37,2023-05-01 11:45:37,1,NYC-2,Northeast,DSP-12
O-1086,R-2023-05-01-07,3,2023-05-01 11:48:17,2023-05-01 11:23:17,1,NYC-2,Northeast,DSP-12
O-1087,R-2023-05-01-07,4,2023-05-01 13:29:09,2023-05-01 13:24:09,1,NYC-2,Northeast,DSP-12
O-1088,R-2023-05-01-07,5,2023-05-01 12:19:39,2023-05-01 12:54:39,1,NYC-2,Northeast,DSP-12
O-1089,R-2023-05-01-07,6,2023-05-01 16:08:13,2023-05-01 16:28:13,0,NYC-2,Northeast,DSP-12
O-1090,R-2023-05-01-08,1,2023-05-01 14:27:21,2023-05-01 14:47:21,0,BOS-3,Northeast,DSP-31
O-1091,R-2023-05-01-08,2,2023-05-01 16:03:58,2023-05-01 15:38:58,1,BOS-3,Northeast,DSP-31
O-1092,R-2023-05-01-08,3,2023-05-01 14:38:39,2023-05-01 14:33:39,1,BOS-3,Northeast,DSP-31
O-1093,R-2023-05-01-08,4,2023-05-01 12:35:45,2023-05-01 12:25:45,1,BOS-3,Northeast,DSP-31
O-1094,R-2023-05-01-08,5,2023-05-01 15:01:39,,0,BOS-3,Northeast,DSP-31
O-1095,R-2023-05-01-08,6,2023-05-01 11:51:16,2023-05-01 11:26:16,1,BOS-3,Northeast,DSP-31
O-1096,R-2023-05-01-08,7,2023-05-01 18:06:12,2023-05-01 19:06:12,0,BOS-3,Northeast,DSP-31
O-1097,R-2023-05-01-08,8,2023-05-01 17:54:05,2023-05-01 17:49:05,1,BOS-3,Northeast,DSP-31
O-1098,R-2023-05-01-08,9,2023-05-01 13:33:47,2023-05-01 13:33:47,1,BOS-3,Northeast,DSP-31
O-1099,R-2023-05-01-08,10,2023-05-01 17:05:02,2023-05-01 17:25:02,1,BOS-3,Northeast,DSP-31
O-1100,R-2023-05-01-08,11,2023-05-01 14:44:30,2023-05-01 14:19:30,1,BOS-3,Northeast,DSP-31
O-1101,R-2023-05-01-09,1,2023-05-01 14:35:20,2023-05-01 14:10:20,1,SEA-5,Northwest,DSP-31
O-1102,R-2023-05-01-09,2,2023-05-01 15:20:12,2023-05-01 15:15:12,1,SEA-5,Northwest,DSP-31
O-1103,R-2023-05-01-09,3,2023-05-01 16:38:58,2023-05-01 16:28:58,1,SEA-5,Northwest,DSP-31
O-1104,R-2023-05-01-09,4,2023-05-01 13:02:46,2023-05-01 13:02:46,1,SEA-5,Northwest,DSP-31
O-1105,R-2023-05-01-09,5,2023-05-01 13:25:47,2023-05-01 13:00:47,1,SEA-5,Northwest,DSP-31
O-1106,R-2023-05-01-09,6,2023-05-01 16:15:35,2023-05-01 16:35:35,1,SEA-5,Northwest,DSP-31
O-1107,R-2023-05-01-09,7,2023-05-01 15:45:40,2023-05-01 15:20:40,1,SEA-5,Northwest,DSP-31
O-1108,R-2023-05-01-09,8,2023-05-01 16:03:51,2023-05-01 16:03:51,1,SEA-5,Northwest,DSP-31
O-1109,R-2023-05-02-00,1,2023-05-02 16:00:04,2023-05-02 15:50:04,1,BOS-3,Northeast,DSP-12
O-1110,R-2023-05-02-00,2,2023-05-02 15:43:03,2023-05-02 15:18:03,1,BOS-3,Northeast,DSP-12
O-1111,R-2023-05-02-00,3,2023-05-02 15:24:16,2023-05-02 15:24:16,1,BOS-3,Northeast,DSP-12
O-1112,R-2023-05-02-00,4,2023-05-02 11:15:58,2023-05-02 11:25:58,1,BOS-3,Northeast,DSP-12
O-1113,R-2023-05-02-00,5,2023-05-02 13:56:56,2023-05-02 13:46:56,1,BOS-3,Northeast,DSP-12
O-1114,R-2023-05-02-00,6,2023-05-02 14:57:03,2023-05-02 15:57:03,1,BOS-3,Northeast,DSP-12
O-1115,R-2023-05-02-00,7,2023-05-02 12:52:00,2023-05-02 12:42:00,1,BOS-3,Northeast,DSP-12
O-1116,R-2023-05-02-00,8,2023-05-02 13:59:33,2023-05-02 13:54:33,1,BOS-3,Northeast,DSP-12
O-1117,R-2023-05-02-00,9,2023-05-02 14:02:40,2023-05-02 14:37:40,1,BOS-3,Northeast,DSP-12
O-1118,R-2023-05-02-00,10,2023-05-02 16:38:30,2023-05-02 16:48:30,1,BOS-3,Northeast,DSP-12
O-1119,R-2023-05-02-00,11,2023-05-02 12:41:09,2023-05-02 12:41:09,1,BOS-3,Northeast,DSP-12
O-1120,R-2023-05-02-01,1,2023-05-02 16:05:05,2023-05-02 15:40:05,1,NYC-2,Northeast,DSP-31
O-1121,R-2023-05-02-01,2,2023-05-02 17:09:23,2023-05-02 17:09:23,1,NYC-2,Northeast,DSP-31
O-1122,R-2023-05-02-01,3,2023-05-02 15:05:08,2023-05-02 14:55:08,1,NYC-2,Northeast,DSP-31
O-1123,R-2023-05-02-01,4,2023-05-02 15:08:40,2023-05-02 15:18:40,1,NYC-2,Northeast,DSP-31
O-1124,R-2023-05-02-01,5,2023-05-02 14:35:19,2023-05-02 14:30:19,1,NYC-2,Northeast,DSP-31
O-1125,R-2023-05-02-01,6,2023-05-02 15:56:11,2023-05-02 15:31:11,1,NYC-2,Northeast,DSP-31
O-1126,R-2023-05-02-01,7,2023-05-02 14:51:20,2023-05-02 15:26:20,1,NYC-2,Northeast,DSP-31
O-1127,R-2023-05-02-01,8,2023-05-02 16:44:35,2023-05-02 16:34:35,1,NYC-2,Northeast,DSP-31
O-1128,R-2023-05-02-01,9,2023-05-02 15:14:08,,0,NYC-2,Northeast,DSP-31
O-1129,R-2023-05-02-01,10,2023-05-02 11:53:49,2023-05-02 11:43:49,1,NYC-2,Northeast,DSP-31
O-1130,R-2023-05-02-01,11,2023-05-02 12:22:42,2023-05-02 12:17:42,1,NYC-2,Northeast,DSP-31
O-1131,R-2023-05-02-01,12,2023-05-02 14:50:44,2023-05-02 15:00:44,1,NYC-2,Northeast,DSP-31
O-1132,R-2023-05-02-01,13,2023-05-02 17:34:22,2023-05-02 17:09:22,1,NYC-2,Northeast,DSP-31
O-1133,R-2023-05-02-01,14,2023-05-02 13:12:32,2023-05-02 13:02:32,1,NYC-2,Northeast,DSP-31
O-1134,R-2023-05-02-02,1,2023-05-02 16:32:16,2023-05-02 16:22:16,1,BOS-3,Northeast,DSP-31
O-1135,R-2023-05-02-02,2,2023-05-02 11:19:34,2023-05-02 11:29:34,1,BOS-3,Northeast,DSP-31
O-1136,R-2023-05-02-02,3,2023-05-02 13:26:14,2023-05-02 13:46:14,0,BOS-3,Northeast,DSP-31
O-1137,R-2023-05-02-02,4,2023-05-02 15:24:41,2023-05-02 15:59:41,1,BOS-3,Northeast,DSP-31
O-1138,R-2023-05-02-02,5,2023-05-02 12:47:22,2023-05-02 13:22:22,1,BOS-3,Northeast,DSP-31
O-1139,R-2023-05-02-02,6,2023-05-02 14:49:33,2023-05-02 14:49:33,1,BOS-3,Northeast,DSP-31
O-1140,R-2023-05-02-03,1,2023-05-02 12:47:51,2023-05-02 12:47:51,1,SEA-5,Northwest,DSP-12
O-1141,R-2023-05-02-03,2,2023-05-02 16:35:26,2023-05-02 16:30:26,1,SEA-5,Northwest,DSP-12
O-1142,R-2023-05-02-03,3,2023-05-02 15:56:12,2023-05-02 15:31:12,1,SEA-5,Northwest,DSP-12
O-1143,R-2023-05-02-03,4,2023-05-02 13:12:21,2023-05-02 13:32:21,1,SEA-5,Northwest,DSP-12
O-1144,R-2023-05-02-03,5,2023-05-02 19:08:57,2023-05-02 19:03:57,1,SEA-5,Northwest,DSP-12
O-1145,R-2023-05-02-03,6,2023-05-02 13:01:26,2023-05-02 12:56:26,1,SEA-5,Northwest,DSP-12
O-1146,R-2023-05-02-03,7,2023-05-02 15:33:44,2023-05-02 15:33:44,1,SEA-5,Northwest,DSP-12
O-1147,R-2023-05-02-03,8,2023-05-02 15:37:03,2023-05-02 16:12:03,1,SEA-5,Northwest,DSP-12
O-1148,R-2023-05-02-03,9,2023-05-02 15:57:11,,0,SEA-5,Northwest,DSP-12
O-1149,R-2023-05-02-03,10,2023-05-02 16:35:13,2023-05-02 16:30:13,1,SEA-5,Northwest,DSP-12
O-1150,R-2023-05-02-03,11,2023-05-02 18:31:24,2023-05-02 18:21:24,1,SEA-5,Northwest,DSP-12
O-1151,R-2023-05-02-04,1,2023-05-02 17:48:41,2023-05-02 17:58:41,1,SEA-5,Northwest,DSP-31
O-1152,R-2023-05-02-04,2,2023-05-02 13:19:20,2023-05-02 13:54:20,1,SEA-5,Northwest,DSP-31
O-1153,R-2023-05-02-04,3,2023-05-02 14:05:49,2023-05-02 14:15:49,1,SEA-5,Northwest,DSP-31
O-1154,R-2023-05-02-04,4,2023-05-02 18:18:48,2023-05-02 18:53:48,1,SEA-5,Northwest,DSP-31
O-1155,R-2023-05-02-04,5,2023-05-02 13:30:55,2023-05-02 13:20:55,1,SEA-5,Northwest,DSP-31
O-1156,R-2023-05-02-04,6,2023-05-02 13:25:08,,0,SEA-5,Northwest,DSP-31
O-1157,R-2023-05-02-04,7,2023-05-02 15:31:39,2023-05-02 15:06:39,1,SEA-5,Northwest,DSP-31
O-1158,R-2023-05-02-04,8,2023-05-02 12:13:17,2023-05-02 12:23:17,1,SEA-5,Northwest,DSP-31
O-1159,R-2023-05-02-04,9,2023-05-02 15:16:59,2023-05-02 15:51:59,1,SEA-5,Northwest,DSP-31
O-1160,R-2023-05-02-04,10,2023-05-02 12:14:52,2023-05-02 12:14:52,1,SEA-5,Northwest,DSP-31
O-1161,R-2023-05-02-04,11,2023-05-02 17:01:53,2023-05-02 17:11:53,1,SEA-5,Northwest,DSP-31
O-1162,R-2023-05-02-04,12,2023-05-02 13:43:58,2023-05-02 13:43:58,1,SEA-5,Northwest,DSP-31
O-1163,R-2023-05-02-04,13,2023-05-02 12:04:22,2023-05-02 12:14:22,1,SEA-5,Northwest,DSP-31
O-1164,R-2023-05-02-05,1,2023-05-02 11:30:08,2023-05-02 11:50:08,1,BOS-3,Northeast,DSP-31
O-1165,R-2023-05-02-05,2,2023-05-02 11:31:25,2023-05-02 11:21:25,1,BOS-3,Northeast,DSP-31
O-1166,R-2023-05-02-05,3,2023-05-02 11:10:44,,0,BOS-3,Northeast,DSP-31
O-1167,R-2023-05-02-05,4,2023-05-02 12:14:40,2023-05-02 12:04:40,1,BOS-3,Northeast,DSP-31
O-1168,R-2023-05-02-05,5,2023-05-02 17:03:34,2023-05-02 16:58:34,1,BOS-3,Northeast,DSP-31
O-1169,R-2023-05-02-05,6,2023-05-02 11:26:50,2023-05-02 11:21:50,1,BOS-3,Northeast,DSP-31
O-1170,R-2023-05-02-06,1,2023-05-02 16:23:27,2023-05-02 16:23:27,1,SEA-5,Northwest,DSP-31
O-1171,R-2023-05-02-06,2,2023-05-02 13:13:02,2023-05-02 13:13:02,1,SEA-5,Northwest,DSP-31
O-1172,R-2023-05-02-06,3,2023-05-02 13:01:59,2023-05-02 12:36:59,1,SEA-5,Northwest,DSP-31
O-1173,R-2023-05-02-06,4,2023-05-02 14:27:13,2023-05-02 15:02:13,1,SEA-5,Northwest,DSP-31
O-1174,R-2023-05-02-06,5,2023-05-02 14:02:40,2023-05-02 13:57:40,1,SEA-5,Northwest,DSP-31
O-1175,R-2023-05-02-06,6,2023-05-02 14:26:44,2023-05-02 15:01:44,1,SEA-5,Northwest,DSP-31
O-1176,R-2023-05-02-06,7,2023-05-02 13:19:26,2023-05-02 13:39:26,1,SEA-5,Northwest,DSP-31
O-1177,R-2023-05-02-06,8,2023-05-02 18:06:12,2023-05-02 17:41:12,1,SEA-5,Northwest,DSP-31
O-1178,R-2023-05-02-06,9,2023-05-02 14:00:47,2023-05-02 13:55:47,1,SEA-5,Northwest,DSP-31
O-1179,R-2023-05-02-06,10,2023-05-02 18:08:44,2023-05-02 17:58:44,1,SEA-5,Northwest,DSP-31
O-1180,R-2023-05-02-06,11,2023-05-02 14:50:34,2023-05-02 15:10:34,1,SEA-5,Northwest,DSP-31
O-1181,R-2023-05-02-06,12,2023-05-02 13:22:56,2023-05-02 13:17:56,1,SEA-5,Northwest,DSP-31
O-1182,R-2023-05-02-06,13,2023-05-02 15:38:34,2023-05-02 15:28:34,1,SEA-5,Northwest,DSP-31
O-1183,R-2023-05-02-07,1,2023-05-02 11:31:55,2023-05-02 11:21:55,1,SEA-5,Northwest,DSP-31
O-1184,R-2023-05-02-07,2,2023-05-02 11:48:36,2023-05-02 11:43:36,1,SEA-5,Northwest,DSP-31
O-1185,R-2023-05-02-07,3,2023-05-02 14:17:16,2023-05-02 14:27:16,1,SEA-5,Northwest,DSP-31
O-1186,R-2023-05-02-07,4,2023-05-02 17:09:39,2023-05-02 16:44:39,1,SEA-5,Northwest,DSP-31
O-1187,R-2023-05-02-07,5,2023-05-02 12:12:34,2023-05-02 11:47:34,1,SEA-5,Northwest,DSP-31
O-1188,R-2023-05-02-07,6,2023-05-02 12:16:49,2023-05-02 11:51:49,1,SEA-5,Northwest,DSP-31
O-1189,R-2023-05-02-07,7,2023-05-02 15:00:31,2023-05-02 15:00:31,1,SEA-5,Northwest,DSP-31
O-1190,R-2023-05-02-07,8,2023-05-02 16:58:22,2023-05-02 16:53:22,1,SEA-5,Northwest,DSP-31
O-1191,R-2023-05-02-07,9,2023-05-02 18:26:08,2023-05-02 18:36:08,1,SEA-5,Northwest,DSP-31
O-1192,R-2023-05-02-07,10,2023-05-02 11:11:00,2023-05-02 10:46:00,1,SEA-5,Northwest,DSP-31
O-1193,R-2023-05-02-07,11,2023-05-02 17:43:41,2023-05-02 17:43:41,1,SEA-5,Northwest,DSP-31
O-1194,R-2023-05-02-07,12,2023-05-02 14:02:21,2023-05-02 13:57:21,1,SEA-5,Northwest,DSP-31
O-1195,R-2023-05-02-07,13,2023-05-02 17:40:52,2023-05-02 17:40:52,1,SEA-5,Northwest,DSP-31
O-1196,R-2023-05-02-08,1,2023-05-02 12:09:45,2023-05-02 11:44:45,1,BOS-3,Northeast,3PL-ACME
O-1197,R-2023-05-02-08,2,2023-05-02 13:09:47,2023-05-02 13:09:47,1,BOS-3,Northeast,3PL-ACME
O-1198,R-2023-05-02-08,3,2023-05-02 14:37:19,2023-05-02 15:12:19,1,BOS-3,Northeast,3PL-ACME
O-1199,R-2023-05-02-08,4,2023-05-02 12:58:35,2023-05-02 13:08:35,1,BOS-3,Northeast,3PL-ACME
O-1200,R-2023-05-02-08,5,2023-05-02 11:34:38,2023-05-02 11:09:38,1,BOS-3,Northeast,3PL-ACME
O-1201,R-2023-05-02-08,6,2023-05-02 15:17:51,2023-05-02 15:07:51,1,BOS-3,Northeast,3PL-ACME
O-1202,R-2023-05-02-08,7,2023-05-02 11:27:24,2023-05-02 11:22:24,1,BOS-3,Northeast,3PL-ACME
O-1203,R-2023-05-02-08,8,2023-05-02 11:38:27,2023-05-02 11:38:27,1,BOS-3,Northeast,3PL-ACME
O-1204,R-2023-05-02-08,9,2023-05-02 12:17:46,2023-05-02 12:07:46,1,BOS-3,Northeast,3PL-ACME
O-1205,R-2023-05-02-08,10,2023-05-02 11:50:39,2023-05-02 12:00:39,1,BOS-3,Northeast,3PL-ACME
O-1206,R-2023-05-02-08,11,2023-05-02 14:43:26,2023-05-02 14:53:26,1,BOS-3,Northeast,3PL-ACME
O-1207,R-2023-05-02-08,12,2023-05-02 13:33:27,2023-05-02 13:33:27,1,BOS-3,Northeast,3PL-ACME
O-1208,R-2023-05-02-08,13,2023-05-02 12:36:19,2023-05-02 12:11:19,1,BOS-3,Northeast,3PL-ACME
O-1209,R-2023-05-02-08,14,2023-05-02 14:06:32,2023-05-02 13:56:32,1,BOS-3,Northeast,3PL-ACME
O-1210,R-2023-05-02-08,15,2023-05-02 15:10:59,,0,BOS-3,Northeast,3PL-ACME
O-1211,R-2023-05-02-08,16,2023-05-02 15:39:55,2023-05-02 15:59:55,0,BOS-3,Northeast,3PL-ACME
O-1212,R-2023-05-02-08,17,2023-05-02 11:30:28,2023-05-02 11:25:28,1,BOS-3,Northeast,3PL-ACME
O-1213,R-2023-05-02-08,18,2023-05-02 12:27:08,2023-05-02 12:17:08,1,BOS-3,Northeast,3PL-ACME
O-1214,R-2023-05-02-09,1,2023-05-02 15:00:24,2023-05-02 15:10:24,1,BOS-3,Northeast,3PL-ACME
O-1215,R-2023-05-02-09,2,2023-05-02 15:39:27,2023-05-02 15:34:27,1,BOS-3,Northeast,3PL-ACME
O-1216,R-2023-05-02-09,3,2023-05-02 16:05:03,2023-05-02 15:40:03,1,BOS-3,Northeast,3PL-ACME
O-1217,R-2023-05-02-09,4,2023-05-02 13:58:18,2023-05-02 13:48:18,1,BOS-3,Northeast,3PL-ACME
O-1218,R-2023-05-02-09,5,2023-05-02 13:50:28,2023-05-02 13:40:28,1,BOS-3,Northeast,3PL-ACME
O-1219,R-2023-05-02-09,6,2023-05-02 15:49:14,2023-05-02 15:49:14,1,BOS-3,Northeast,3PL-ACME
O-1220,R-2023-05-02-09,7,2023-05-02 16:49:00,2023-05-02 16:24:00,1,BOS-3,Northeast,3PL-ACME
O-1221,R-2023-05-02-09,8,2023-05-02 12:44:20,2023-05-02 12:19:20,1,BOS-3,Northeast,3PL-ACME
O-1222,R-2023-05-02-09,9,2023-05-02 14:31:17,2023-05-02 14:21:17,1,BOS-3,Northeast,3PL-ACME
O-1223,R-2023-05-02-09,10,2023-05-02 11:50:15,2023-05-02 12:25:15,1,BOS-3,Northeast,3PL-ACME
O-1224,R-2023-05-02-09,11,2023-05-02 13:55:56,,0,BOS-3,Northeast,3PL-ACME
O-1225,R-2023-05-02-09,12,2023-05-02 14:39:20,2023-05-02 14:34:20,1,BOS-3,Northeast,3PL-ACME
O-1226,R-2023-05-02-09,13,2023-05-02 11:31:25,2023-05-02 11:31:25,1,BOS-3,Northeast,3PL-ACME
O-1227,R-2023-05-02-10,1,2023-05-02 16:32:51,2023-05-02 16:22:51,1,BOS-3,Northeast,DSP-31
O-1228,R-2023-05-02-10,2,2023-05-02 12:44:20,2023-05-02 12:34:20,1,BOS-3,Northeast,DSP-31
O-1229,R-2023-05-02-10,3,2023-05-02 13:25:26,2023-05-02 13:25:26,1,BOS-3,Northeast,DSP-31
O-1230,R-2023-05-02-10,4,2023-05-02 13:28:22,2023-05-02 13:23:22,1,BOS-3,Northeast,DSP-31
O-1231,R-2023-05-02-10,5,2023-05-02 16:19:29,2023-05-02 16:54:29,1,BOS-3,Northeast,DSP-31
O-1232,R-2023-05-02-10,6,2023-05-02 12:01:55,2023-05-02 12:01:55,1,BOS-3,Northeast,DSP-31
O-1233,R-2023-05-02-10,7,2023-05-02 15:46:32,2023-05-02 16:06:32,0,BOS-3,Northeast,DSP-31
O-1234,R-2023-05-02-10,8,2023-05-02 13:25:17,2023-05-02 13:35:17,1,BOS-3,Northeast,DSP-31
O-1235,R-2023-05-02-11,1,2023-05-02 15:38:48,2023-05-02 15:48:48,1,NYC-2,Northeast,3PL-ACME
O-1236,R-2023-05-02-11,2,2023-05-02 11:36:36,2023-05-02 11:56:36,0,NYC-2,Northeast,3PL-ACME
O-1237,R-2023-05-02-11,3,2023-05-02 14:07:02,2023-05-02 13:57:02,1,NYC-2,Northeast,3PL-ACME
O-1238,R-2023-05-02-11,4,2023-05-02 14:46:32,2023-05-02 15:21:32,0,NYC-2,Northeast,3PL-ACME
O-1239,R-2023-05-02-11,5,2023-05-02 12:44:49,,0,NYC-2,Northeast,3PL-ACME
O-1240,R-2023-05-02-11,6,2023-05-02 12:33:36,2023-05-02 12:23:36,1,NYC-2,Northeast,3PL-ACME
O-1241,R-2023-05-02-11,7,2023-05-02 11:32:29,2023-05-02 11:52:29,0,NYC-2,Northeast,3PL-ACME
O-1242,R-2023-05-02-11,8,2023-05-02 11:21:23,,0,NYC-2,Northeast,3PL-ACME
O-1243,R-2023-05-02-11,9,2023-05-02 15:29:55,2023-05-02 15:24:55,1,NYC-2,Northeast,3PL-ACME
O-1244,R-2023-05-02-11,10,2023-05-02 14:53:46,2023-05-02 14:48:46,1,NYC-2,Northeast,3PL-ACME
O-1245,R-2023-05-02-11,11,2023-05-02 13:44:39,2023-05-02 13:39:39,1,NYC-2,Northeast,3PL-ACME
O-1246,R-2023-05-02-11,12,2023-05-02 11:28:10,2023-05-02 11:38:10,1,NYC-2,Northeast,3PL-ACME
O-1247,R-2023-05-02-11,13,2023-05-02 15:45:17,2023-05-02 15:45:17,1,NYC-2,Northeast,3PL-ACME
O-1248,R-2023-05-02-11,14,2023-05-02 14:06:42,2023-05-02 13:56:42,1,NYC-2,Northeast,3PL-ACME
O-1249,R-2023-05-02-11,15,2023-05-02 14:47:10,2023-05-02 14:47:10,1,NYC-2,Northeast,3PL-ACME
O-1250,R-2023-05-02-11,16,2023-05-02 14:08:44,2023-05-02 13:58:44,1,NYC-2,Northeast,3PL-ACME
O-1251,R-2023-05-02-12,1,2023-05-02 12:45:19,2023-05-02 12:55:19,1,NYC-2,Northeast,DSP-12
O-1252,R-2023-05-02-12,2,2023-05-02 14:12:58,,0,NYC-2,Northeast,DSP-12
O-1253,R-2023-05-02-12,3,2023-05-02 14:03:29,2023-05-02 13:58:29,1,NYC-2,Northeast,DSP-12
O-1254,R-2023-05-02-12,4,2023-05-02 14:08:58,2023-05-02 14:43:58,0,NYC-2,Northeast,DSP-12
O-1255,R-2023-05-02-12,5,2023-05-02 15:23:05,2023-05-02 15:18:05,1,NYC-2,Northeast,DSP-12
O-1256,R-2023-05-02-12,6,2023-05-02 12:21:27,2023-05-02 11:56:27,1,NYC-2,Northeast,DSP-12
O-1257,R-2023-05-02-12,7,2023-05-02 13:25:58,,0,NYC-2,Northeast,DSP-12
O-1258,R-2023-05-02-12,8,2023-05-02 16:01:03,2023-05-02 15:51:03,1,NYC-2,Northeast,DSP-12
O-1259,R-2023-05-02-12,9,2023-05-02 11:41:35,2023-05-02 11:51:35,1,NYC-2,Northeast,DSP-12
O-1260,R-2023-05-02-13,1,2023-05-02 14:40:43,2023-05-02 15:40:43,1,BOS-3,Northeast,DSP-12
O-1261,R-2023-05-02-13,2,2023-05-02 13:28:33,2023-05-02 13:28:33,1,BOS-3,Northeast,DSP-12
O-1262,R-2023-05-02-13,3,2023-05-02 14:13:31,2023-05-02 14:13:31,1,BOS-3,Northeast,DSP-12
O-1263,R-2023-05-02-13,4,2023-05-02 12:32:11,2023-05-02 12:27:11,1,BOS-3,Northeast,DSP-12
O-1264,R-2023-05-02-13,5,2023-05-02 13:58:35,2023-05-02 14:08:35,1,BOS-3,Northeast,DSP-12
O-1265,R-2023-05-02-13,6,2023-05-02 16:18:07,2023-05-02 16:08:07,1,BOS-3,Northeast,DSP-12
O-1266,R-2023-05-02-13,7,2023-05-02 12:48:00,2023-05-02 12:23:00,1,BOS-3,Northeast,DSP-12
O-1267,R-2023-05-02-13,8,2023-05-02 11:20:00,2023-05-02 11:15:00,1,BOS-3,Northeast,DSP-12
O-1268,R-2023-05-02-13,9,2023-05-02 16:25:43,2023-05-02 16:45:43,1,BOS-3,Northeast,DSP-12
O-1269,R-2023-05-02-13,10,2023-05-02 11:18:35,2023-05-02 11:08:35,1,BOS-3,Northeast,DSP-12
O-1270,R-2023-05-03-00,1,2023-05-03 14:53:20,2023-05-03 14:28:20,1,BOS-3,Northeast,DSP-31
O-1271,R-2023-05-03-00,2,2023-05-03 16:30:54,2023-05-03 16:30:54,1,BOS-3,Northeast,DSP-31
O-1272,R-2023-05-03-00,3,2023-05-03 15:56:41,2023-05-03 16:06:41,1,BOS-3,Northeast,DSP-31
O-1273,R-2023-05-03-00,4,2023-05-03 15:31:34,2023-05-03 15:51:34,1,BOS-3,Northeast,DSP-31
O-1274,R-2023-05-03-00,5,2023-05-03 17:15:54,2023-05-03 17:15:54,1,BOS-3,Northeast,DSP-31
O-1275,R-2023-05-03-00,6,2023-05-03 12:46:35,2023-05-03 12:36:35,1,BOS-3,Northeast,DSP-31
O-1276,R-2023-05-03-00,7,2023-05-03 13:17:56,2023-05-03 13:37:56,0,BOS-3,Northeast,DSP-31
O-1277,R-2023-05-03-00,8,2023-05-03 14:23:32,2023-05-03 14:23:32,1,BOS-3,Northeast,DSP-31
O-1278,R-2023-05-03-00,9,2023-05-03 13:27:56,2023-05-03 13:27:56,1,BOS-3,Northeast,DSP-31
O-1279,R-2023-05-03-00,10,2023-05-03 14:44:33,2023-05-03 14:39:33,1,BOS-3,Northeast,DSP-31
O-1280,R-2023-05-03-00,11,2023-05-03 15:48:25,2023-05-03 15:48:25,1,BOS-3,Northeast,DSP-31
O-1281,R-2023-05-03-01,1,2023-05-03 17:04:28,2023-05-03 16:39:28,1,BOS-3,Northeast,3PL-ACME
O-1282,R-2023-05-03-01,2,2023-05-03 18:20:32,,0,BOS-3,Northeast,3PL-ACME
O-1283,R-2023-05-03-01,3,2023-05-03 18:32:07,2023-05-03 18:22:07,1,BOS-3,Northeast,3PL-ACME
O-1284,R-2023-05-03-01,4,2023-05-03 18:36:59,2023-05-03 18:46:59,1,BOS-3,Northeast,3PL-ACME
O-1285,R-2023-05-03-01,5,2023-05-03 12:58:58,2023-05-03 12:48:58,1,BOS-3,Northeast,3PL-ACME
O-1286,R-2023-05-03-01,6,2023-05-03 14:20:18,2023-05-03 14:10:18,1,BOS-3,Northeast,3PL-ACME
O-1287,R-2023-05-03-01,7,2023-05-03 12:09:08,,0,BOS-3,Northeast,3PL-ACME
O-1288,R-2023-05-03-01,8,2023-05-03 18:33:31,2023-05-03 19:08:31,1,BOS-3,Northeast,3PL-ACME
O-1289,R-2023-05-03-01,9,2023-05-03 17:28:22,2023-05-03 17:18:22,1,BOS-3,Northeast,3PL-ACME
O-1290,R-2023-05-03-01,10,2023-05-03 14:04:36,2023-05-03 14:04:36,1,BOS-3,Northeast,3PL-ACME
O-1291,R-2023-05-03-01,11,2023-05-03 13:00:47,2023-05-03 13:35:47,0,BOS-3,Northeast,3PL-ACME
O-1292,R-2023-05-03-01,12,2023-05-03 13:59:55,,0,BOS-3,Northeast,3PL-ACME
O-1293,R-2023-05-03-01,13,2023-05-03 13:39:57,2023-05-03 14:14:57,0,BOS-3,Northeast,3PL-ACME
O-1294,R-2023-05-03-01,14,2023-05-03 14:23:35,2023-05-03 14:13:35,1,BOS-3,Northeast,3PL-ACME
O-1295,R-2023-05-03-01,15,2023-05-03 17:37:04,,0,BOS-3,Northeast,3PL-ACME
O-1296,R-2023-05-03-01,16,2023-05-03 13:53:44,2023-05-03 14:13:44,0,BOS-3,Northeast,3PL-ACME
O-1297,R-2023-05-03-02,1,2023-05-03 13:24:08,2023-05-03 13:24:08,1,BOS-3,Northeast,DSP-31
O-1298,R-2023-05-03-02,2,2023-05-03 17:42:17,2023-05-03 18:17:17,1,BOS-3,Northeast,DSP-31
O-1299,R-2023-05-03-02,3,2023-05-03 17:21:37,2023-05-03 16:56:37,1,BOS-3,Northeast,DSP-31
O-1300,R-2023-05-03-02,4,2023-05-03 16:53:34,,0,BOS-3,Northeast,DSP-31
O-1301,R-2023-05-03-02,5,2023-05-03 12:02:41,2023-05-03 11:57:41,1,BOS-3,Northeast,DSP-31
O-1302,R-2023-05-03-02,6,2023-05-03 13:23:35,2023-05-03 12:58:35,1,BOS-3,Northeast,DSP-31
O-1303,R-2023-05-03-02,7,2023-05-03 14:41:35,2023-05-03 14:16:35,1,BOS-3,Northeast,DSP-31
O-1304,R-2023-05-03-02,8,2023-05-03 14:57:47,2023-05-03 15:32:47,0,BOS-3,Northeast,DSP-31
O-1305,R-2023-05-03-02,9,2023-05-03 16:36:54,2023-05-03 16:26:54,1,BOS-3,Northeast,DSP-31
O-1306,R-2023-05-03-02,10,2023-05-03 16:01:23,2023-05-03 15:36:23,1,BOS-3,Northeast,DSP-31
O-1307,R-2023-05-03-02,11,2023-05-03 17:30:57,2023-05-03 17:30:57,1,BOS-3,Northeast,DSP-31
O-1308,R-2023-05-03-02,12,2023-05-03 15:42:47,2023-05-03 15:17:47,1,BOS-3,Northeast,DSP-31
O-1309,R-2023-05-03-02,13,2023-05-03 15:25:32,2023-05-03 15:20:32,1,BOS-3,Northeast,DSP-31
O-1310,R-2023-05-03-02,14,2023-05-03 11:59:02,2023-05-03 11:49:02,1,BOS-3,Northeast,DSP-31
O-1311,R-2023-05-03-03,1,2023-05-03 15:07:58,2023-05-03 14:57:58,1,NYC-2,Northeast,DSP-31
O-1312,R-2023-05-03-03,2,2023-05-03 15:15:44,2023-05-03 15:05:44,1,NYC-2,Northeast,DSP-31
O-1313,R-2023-05-03-03,3,2023-05-03 17:55:00,2023-05-03 17:45:00,1,NYC-2,Northeast,DSP-31
O-1314,R-2023-05-03-03,4,2023-05-03 13:01:27,2023-05-03 13:36:27,1,NYC-2,Northeast,DSP-31
O-1315,R-2023-05-03-03,5,2023-05-03 18:02:36,2023-05-03 18:37:36,0,NYC-2,Northeast,DSP-31
O-1316,R-2023-05-03-03,6,2023-05-03 15:48:49,2023-05-03 15:58:49,1,NYC-2,Northeast,DSP-31
O-1317,R-2023-05-03-03,7,2023-05-03 16:34:08,2023-05-03 16:34:08,1,NYC-2,Northeast,DSP-31
O-1318,R-2023-05-03-03,8,2023-05-03 16:28:02,2023-05-03 16:18:02,1,NYC-2,Northeast,DSP-31
O-1319,R-2023-05-03-03,9,2023-05-03 12:30:31,2023-05-03 12:30:31,1,NYC-2,Northeast,DSP-31
O-1320,R-2023-05-03-03,10,2023-05-03 17:49:35,2023-05-03 17:44:35,1,NYC-2,Northeast,DSP-31
O-1321,R-2023-05-03-03,11,2023-05-03 18:15:13,2023-05-03 18:25:13,1,NYC-2,Northeast,DSP-31
O-1322,R-2023-05-03-03,12,2023-05-03 15:27:33,2023-05-03 15:22:33,1,NYC-2,Northeast,DSP-31
O-1323,R-2023-05-03-04,1,2023-05-03 14:54:29,2023-05-03 14:49:29,1,BOS-3,Northeast,DSP-12
O-1324,R-2023-05-03-04,2,2023-05-03 14:49:22,2023-05-03 14:59:22,1,BOS-3,Northeast,DSP-12
O-1325,R-2023-05-03-04,3,2023-05-03 13:40:54,2023-05-03 13:35:54,1,BOS-3,Northeast,DSP-12
O-1326,R-2023-05-03-04,4,2023-05-03 16:25:18,2023-05-03 16:00:18,1,BOS-3,Northeast,DSP-12
O-1327,R-2023-05-03-04,5,2023-05-03 16:55:42,2023-05-03 17:15:42,1,BOS-3,Northeast,DSP-12
O-1328,R-2023-05-03-04,6,2023-05-03 12:58:18,2023-05-03 12:58:18,1,BOS-3,Northeast,DSP-12
O-1329,R-2023-05-03-04,7,2023-05-03 13:18:35,2023-05-03 13:13:35,1,BOS-3,Northeast,DSP-12
O-1330,R-2023-05-03-05,1,2023-05-03 14:34:32,2023-05-03 14:29:32,1,SEA-5,Northwest,DSP-12
O-1331,R-2023-05-03-05,2,2023-05-03 12:01:53,2023-05-03 12:11:53,1,SEA-5,Northwest,DSP-12
O-1332,R-2023-05-03-05,3,2023-05-03 12:02:19,2023-05-03 11:52:19,1,SEA-5,Northwest,DSP-12
O-1333,R-2023-05-03-05,4,2023-05-03 14:16:32,2023-05-03 14:26:32,1,SEA-5,Northwest,DSP-12
O-1334,R-2023-05-03-05,5,2023-05-03 12:55:08,,0,SEA-5,Northwest,DSP-12
O-1335,R-2023-05-03-05,6,2023-05-03 15:15:59,2023-05-03 15:25:59,1,SEA-5,Northwest,DSP-12
O-1336,R-2023-05-03-05,7,2023-05-03 14:41:04,2023-05-03 14:16:04,1,SEA-5,Northwest,DSP-12
O-1337,R-2023-05-03-05,8,2023-05-03 12:18:36,2023-05-03 12:28:36,1,SEA-5,Northwest,DSP-12
O-1338,R-2023-05-03-05,9,2023-05-03 15:42:50,2023-05-03 15:17:50,1,SEA-5,Northwest,DSP-12
O-1339,R-2023-05-03-05,10,2023-05-03 14:57:22,2023-05-03 14:32:22,1,SEA-5,Northwest,DSP-12
O-1340,R-2023-05-03-05,11,2023-05-03 13:52:10,2023-05-03 14:12:10,1,SEA-5,Northwest,DSP-12
O-1341,R-2023-05-03-05,12,2023-05-03 12:36:34,2023-05-03 12:36:34,1,SEA-5,Northwest,DSP-12
O-1342,R-2023-05-03-05,13,2023-05-03 11:21:29,2023-05-03 11:56:29,0,SEA-5,Northwest,DSP-12
O-1343,R-2023-05-03-05,14,2023-05-03 15:15:10,,0,SEA-5,Northwest,DSP-12
O-1344,R-2023-05-03-06,1,2023-05-03 14:55:41,2023-05-03 14:50:41,1,NYC-2,Northeast,3PL-ACME
O-1345,R-2023-05-03-06,2,2023-05-03 13:53:48,2023-05-03 13:43:48,1,NYC-2,Northeast,3PL-ACME
O-1346,R-2023-05-03-06,3,2023-05-03 12:24:09,2023-05-03 12:44:09,1,NYC-2,Northeast,3PL-ACME
O-1347,R-2023-05-03-06,4,2023-05-03 16:12:47,2023-05-03 16:02:47,1,NYC-2,Northeast,3PL-ACME
O-1348,R-2023-05-03-06,5,2023-05-03 15:27:39,2023-05-03 15:22:39,1,NYC-2,Northeast,3PL-ACME
O-1349,R-2023-05-03-06,6,2023-05-03 16:03:54,2023-05-03 15:38:54,1,NYC-2,Northeast,3PL-ACME
O-1350,R-2023-05-03-06,7,2023-05-03 15:10:37,2023-05-03 15:10:37,1,NYC-2,Northeast,3PL-ACME
O-1351,R-2023-05-03-06,8,2023-05-03 12:08:51,2023-05-03 12:03:51,1,NYC-2,Northeast,3PL-ACME
O-1352,R-2023-05-03-06,9,2023-05-03 14:26:02,,0,NYC-2,Northeast,3PL-ACME
O-1353,R-2023-05-03-06,10,2023-05-03 12:42:39,2023-05-03 12:17:39,1,NYC-2,Northeast,3PL-ACME
O-1354,R-2023-05-03-06,11,2023-05-03 14:20:33,2023-05-03 14:55:33,1,NYC-2,Northeast,3PL-ACME
O-1355,R-2023-05-03-06,12,2023-05-03 16:13:01,2023-05-03 16:13:01,1,NYC-2,Northeast,3PL-ACME
O-1356,R-2023-05-03-07,1,2023-05-03 14:35:06,2023-05-03 14:45:06,1,SEA-5,Northwest,DSP-31
O-1357,R-2023-05-03-07,2,2023-05-03 16:24:04,2023-05-03 16:19:04,1,SEA-5,Northwest,DSP-31
O-1358,R-2023-05-03-07,3,2023-05-03 12:01:57,2023-05-03 11:56:57,1,SEA-5,Northwest,DSP-31
O-1359,R-2023-05-03-07,4,2023-05-03 15:38:38,2023-05-03 16:13:38,0,SEA-5,Northwest,DSP-31
O-1360,R-2023-05-03-07,5,2023-05-03 18:22:31,2023-05-03 18:17:31,1,SEA-5,Northwest,DSP-31
O-1361,R-2023-05-03-07,6,2023-05-03 16:56:19,2023-05-03 17:06:19,1,SEA-5,Northwest,DSP-31
O-1362,R-2023-05-03-07,7,2023-05-03 11:17:09,2023-05-03 10:52:09,1,SEA-5,Northwest,DSP-31
O-1363,R-2023-05-03-07,8,2023-05-03 18:53:31,2023-05-03 18:48:31,1,SEA-5,Northwest,DSP-31
O-1364,R-2023-05-03-07,9,2023-05-03 11:21:59,2023-05-03 11:16:59,1,SEA-5,Northwest,DSP-31
O-1365,R-2023-05-03-07,10,2023-05-03 16:31:52,2023-05-03 16:41:52,1,SEA-5,Northwest,DSP-31
O-1366,R-2023-05-03-07,11,2023-05-03 15:34:45,2023-05-03 16:34:45,1,SEA-5,Northwest,DSP-31
O-1367,R-2023-05-03-07,12,2023-05-03 13:01:44,2023-05-03 13:01:44,1,SEA-5,Northwest,DSP-31
O-1368,R-2023-05-03-07,13,2023-05-03 12:30:22,2023-05-03 12:50:22,1,SEA-5,Northwest,DSP-31
O-1369,R-2023-05-04-00,1,2023-05-04 17:10:11,,0,NYC-2,Northeast,DSP-31
O-1370,R-2023-05-04-00,2,2023-05-04 11:16:31,2023-05-04 11:51:31,1,NYC-2,Northeast,DSP-31
O-1371,R-2023-05-04-00,3,2023-05-04 17:29:27,2023-05-04 17:39:27,1,NYC-2,Northeast,DSP-31
O-1372,R-2023-05-04-00,4,2023-05-04 14:38:41,2023-05-04 14:38:41,1,NYC-2,Northeast,DSP-31
O-1373,R-2023-05-04-00,5,2023-05-04 12:28:37,2023-05-04 12:48:37,0,NYC-2,Northeast,DSP-31
O-1374,R-2023-05-04-00,6,2023-05-04 11:18:32,2023-05-04 11:28:32,1,NYC-2,Northeast,DSP-31
O-1375,R-2023-05-04-00,7,2023-05-04 16:46:24,2023-05-04 17:06:24,0,NYC-2,Northeast,DSP-31
O-1376,R-2023-05-04-00,8,2023-05-04 17:03:57,2023-05-04 16:53:57,1,NYC-2,Northeast,DSP-31
O-1377,R-2023-05-04-01,1,2023-05-04 15:51:11,2023-05-04 16:26:11,1,SEA-5,Northwest,DSP-31
O-1378,R-2023-05-04-01,2,2023-05-04 17:58:38,2023-05-04 17:48:38,1,SEA-5,Northwest,DSP-31
O-1379,R-2023-05-04-01,3,2023-05-04 16:16:00,2023-05-04 16:36:00,0,SEA-5,Northwest,DSP-31
O-1380,R-2023-05-04-01,4,2023-05-04 11:56:55,2023-05-04 12:31:55,1,SEA-5,Northwest,DSP-31
O-1381,R-2023-05-04-01,5,2023-05-04 16:16:23,2023-05-04 16:11:23,1,SEA-5,Northwest,DSP-31
O-1382,R-2023-05-04-01,6,2023-05-04 16:32:22,2023-05-04 16:22:22,1,SEA-5,Northwest,DSP-31
O-1383,R-2023-05-04-01,7,2023-05-04 15:07:52,2023-05-04 16:07:52,1,SEA-5,Northwest,DSP-31
O-1384,R-2023-05-04-01,8,2023-05-04 12:05:47,2023-05-04 11:55:47,1,SEA-5,Northwest,DSP-31
O-1385,R-2023-05-04-01,9,2023-05-04 16:11:18,2023-05-04 16:31:18,0,SEA-5,Northwest,DSP-31
O-1386,R-2023-05-04-01,10,2023-05-04 13:12:12,2023-05-04 13:22:12,1,SEA-5,Northwest,DSP-31
O-1387,R-2023-05-04-01,11,2023-05-04 17:33:24,2023-05-04 17:08:24,1,SEA-5,Northwest,DSP-31
O-1388,R-2023-05-04-01,12,2023-05-04 12:15:32,2023-05-04 12:05:32,1,SEA-5,Northwest,DSP-31
O-1389,R-2023-05-04-01,13,2023-05-04 16:53:12,2023-05-04 16:48:12,1,SEA-5,Northwest,DSP-31
O-1390,R-2023-05-04-01,14,2023-05-04 16:43:07,2023-05-04 16:33:07,1,SEA-5,Northwest,DSP-31
O-1391,R-2023-05-04-01,15,2023-05-04 12:05:45,2023-05-04 12:40:45,1,SEA-5,Northwest,DSP-31
O-1392,R-2023-05-04-01,16,2023-05-04 11:40:28,2023-05-04 11:35:28,1,SEA-5,Northwest,DSP-31
O-1393,R-2023-05-04-01,17,2023-05-04 12:57:46,2023-05-04 12:32:46,1,SEA-5,Northwest,DSP-31
O-1394,R-2023-05-04-02,1,2023-05-04 15:59:36,2023-05-04 15:49:36,1,SEA-5,Northwest,DSP-12
O-1395,R-2023-05-04-02,2,2023-05-04 12:50:46,2023-05-04 12:45:46,1,SEA-5,Northwest,DSP-12
O-1396,R-2023-05-04-02,3,2023-05-04 11:20:58,2023-05-04 12:20:58,1,SEA-5,Northwest,DSP-12
O-1397,R-2023-05-04-02,4,2023-05-04 14:47:42,2023-05-04 14:47:42,1,SEA-5,Northwest,DSP-12
O-1398,R-2023-05-04-02,5,2023-05-04 14:03:32,2023-05-04 14:23:32,0,SEA-5,Northwest,DSP-12
O-1399,R-2023-05-04-02,6,2023-05-04 15:38:04,2023-05-04 15:28:04,1,SEA-5,Northwest,DSP-12
O-1400,R-2023-05-04-02,7,2023-05-04 15:30:32,2023-05-04 15:40:32,1,SEA-5,Northwest,DSP-12
O-1401,R-2023-05-04-02,8,2023-05-04 13:41:47,2023-05-04 13:36:47,1,SEA-5,Northwest,DSP-12
O-1402,R-2023-05-04-03,1,2023-05-04 13:39:43,2023-05-04 14:14:43,0,SEA-5,Northwest,DSP-12
O-1403,R-2023-05-04-03,2,2023-05-04 18:36:52,2023-05-04 18:31:52,1,SEA-5,Northwest,DSP-12
O-1404,R-2023-05-04-03,3,2023-05-04 13:06:34,2023-05-04 14:06:34,1,SEA-5,Northwest,DSP-12
O-1405,R-2023-05-04-03,4,2023-05-04 16:52:06,2023-05-04 17:27:06,1,SEA-5,Northwest,DSP-12
O-1406,R-2023-05-04-03,5,2023-05-04 18:21:43,2023-05-04 18:11:43,1,SEA-5,Northwest,DSP-12
O-1407,R-2023-05-04-03,6,2023-05-04 15:42:52,2023-05-04 16:02:52,0,SEA-5,Northwest,DSP-12
O-1408,R-2023-05-04-03,7,2023-05-04 12:01:11,2023-05-04 12:11:11,1,SEA-5,Northwest,DSP-12
O-1409,R-2023-05-04-04,1,2023-05-04 12:47:04,2023-05-04 13:07:04,0,NYC-2,Northeast,3PL-ACME
O-1410,R-2023-05-04-04,2,2023-05-04 14:55:52,2023-05-04 15:15:52,0,NYC-2,Northeast,3PL-ACME
O-1411,R-2023-05-04-04,3,2023-05-04 14:05:20,2023-05-04 14:00:20,1,NYC-2,Northeast,3PL-ACME
O-1412,R-2023-05-04-04,4,2023-05-04 16:01:26,2023-05-04 16:01:26,1,NYC-2,Northeast,3PL-ACME
O-1413,R-2023-05-04-04,5,2023-05-04 11:46:09,2023-05-04 11:36:09,1,NYC-2,Northeast,3PL-ACME
O-1414,R-2023-05-04-04,6,2023-05-04 13:51:21,2023-05-04 13:41:21,1,NYC-2,Northeast,3PL-ACME
O-1415,R-2023-05-04-04,7,2023-05-04 17:11:40,2023-05-04 17:11:40,1,NYC-2,Northeast,3PL-ACME
O-1416,R-2023-05-04-04,8,2023-05-04 16:15:36,2023-05-04 15:50:36,1,NYC-2,Northeast,3PL-ACME
O-1417,R-2023-05-04-04,9,2023-05-04 14:11:23,2023-05-04 14:21:23,1,NYC-2,Northeast,3PL-ACME
O-1418,R-2023-05-04-04,10,2023-05-04 12:38:32,2023-05-04 12:28:32,1,NYC-2,Northeast,3PL-ACME
O-1419,R-2023-05-04-04,11,2023-05-04 13:34:44,2023-05-04 13:44:44,1,NYC-2,Northeast,3PL-ACME
O-1420,R-2023-05-04-04,12,2023-05-04 11:17:09,2023-05-04 11:17:09,1,NYC-2,Northeast,3PL-ACME
O-1421,R-2023-05-04-04,13,2023-05-04 12:44:04,2023-05-04 12:39:04,1,NYC-2,Northeast,3PL-ACME
O-1422,R-2023-05-04-04,14,2023-05-04 14:57:35,2023-05-04 14:52:35,1,NYC-2,Northeast,3PL-ACME
O-1423,R-2023-05-04-04,15,2023-05-04 15:53:35,2023-05-04 15:48:35,1,NYC-2,Northeast,3PL-ACME
O-1424,R-2023-05-04-04,16,2023-05-04 12:27:25,2023-05-04 12:37:25,1,NYC-2,Northeast,3PL-ACME
O-1425,R-2023-05-04-04,17,2023-05-04 15:08:29,2023-05-04 15:03:29,1,NYC-2,Northeast,3PL-ACME
O-1426,R-2023-05-04-04,18,2023-05-04 13:11:47,2023-05-04 13:46:47,1,NYC-2,Northeast,3PL-ACME
O-1427,R-2023-05-04-05,1,2023-05-04 11:49:19,2023-05-04 11:24:19,1,SEA-5,Northwest,3PL-ACME
O-1428,R-2023-05-04-05,2,2023-05-04 18:01:07,2023-05-04 17:36:07,1,SEA-5,Northwest,3PL-ACME
O-1429,R-2023-05-04-05,3,2023-05-04 12:25:57,2023-05-04 12:20:57,1,SEA-5,Northwest,3PL-ACME
O-1430,R-2023-05-04-05,4,2023-05-04 12:26:26,2023-05-04 12:21:26,1,SEA-5,Northwest,3PL-ACME
O-1431,R-2023-05-04-05,5,2023-05-04 12:15:56,2023-05-04 12:35:56,0,SEA-5,Northwest,3PL-ACME
O-1432,R-2023-05-04-05,6,2023-05-04 11:59:12,2023-05-04 11:54:12,1,SEA-5,Northwest,3PL-ACME
O-1433,R-2023-05-04-05,7,2023-05-04 15:39:25,2023-05-04 15:34:25,1,SEA-5,Northwest,3PL-ACME
O-1434,R-2023-05-04-05,8,2023-05-04 14:06:46,2023-05-04 14:06:46,1,SEA-5,Northwest,3PL-ACME
O-1435,R-2023-05-04-05,9,2023-05-04 12:09:41,2023-05-04 12:09:41,1,SEA-5,Northwest,3PL-ACME
O-1436,R-2023-05-04-06,1,2023-05-04 15:56:13,2023-05-04 16:06:13,1,BOS-3,Northeast,DSP-12
O-1437,R-2023-05-04-06,2,2023-05-04 11:35:11,2023-05-04 11:10:11,1,BOS-3,Northeast,DSP-12
O-1438,R-2023-05-04-06,3,2023-05-04 17:02:54,2023-05-04 16:52:54,1,BOS-3,Northeast,DSP-12
O-1439,R-2023-05-04-06,4,2023-05-04 12:51:36,2023-05-04 13:11:36,0,BOS-3,Northeast,DSP-12
O-1440,R-2023-05-04-06,5,2023-05-04 17:53:00,,0,BOS-3,Northeast,DSP-12
O-1441,R-2023-05-04-06,6,2023-05-04 13:56:17,2023-05-04 13:31:17,1,BOS-3,Northeast,DSP-12
O-1442,R-2023-05-04-06,7,2023-05-04 12:31:05,,0,BOS-3,Northeast,DSP-12
O-1443,R-2023-05-04-06,8,2023-05-04 18:03:49,2023-05-04 17:53:49,1,BOS-3,Northeast,DSP-12
O-1444,R-2023-05-04-06,9,2023-05-04 13:37:59,2023-05-04 13:37:59,1,BOS-3,Northeast,DSP-12
O-1445,R-2023-05-04-06,10,2023-05-04 13:11:23,2023-05-04 13:01:23,1,BOS-3,Northeast,DSP-12
O-1446,R-2023-05-04-06,11,2023-05-04 17:43:56,2023-05-04 18:03:56,1,BOS-3,Northeast,DSP-12
O-1447,R-2023-05-04-06,12,2023-05-04 12:17:49,2023-05-04 12:52:49,1,BOS-3,Northeast,DSP-12
O-1448,R-2023-05-04-06,13,2023-05-04 15:02:05,2023-05-04 14:52:05,1,BOS-3,Northeast,DSP-12
O-1449,R-2023-05-04-06,14,2023-05-04 17:15:19,2023-05-04 17:25:19,1,BOS-3,Northeast,DSP-12
O-1450,R-2023-05-04-07,1,2023-05-04 12:03:06,2023-05-04 12:03:06,1,NYC-2,Northeast,3PL-ACME
O-1451,R-2023-05-04-07,2,2023-05-04 12:54:26,2023-05-04 12:29:26,1,NYC-2,Northeast,3PL-ACME
O-1452,R-2023-05-04-07,3,2023-05-04 14:21:36,2023-05-04 14:41:36,0,NYC-2,Northeast,3PL-ACME
O-1453,R-2023-05-04-07,4,2023-05-04 13:22:45,2023-05-04 13:32:45,1,NYC-2,Northeast,3PL-ACME
O-1454,R-2023-05-04-07,5,2023-05-04 14:23:24,2023-05-04 14:33:24,1,NYC-2,Northeast,3PL-ACME
O-1455,R-2023-05-04-07,6,2023-05-04 13:28:23,2023-05-04 13:03:23,1,NYC-2,Northeast,3PL-ACME
O-1456,R-2023-05-04-07,7,2023-05-04 15:57:19,2023-05-04 15:52:19,1,NYC-2,Northeast,3PL-ACME
O-1457,R-2023-05-04-07,8,2023-05-04 15:54:29,2023-05-04 15:44:29,1,NYC-2,Northeast,3PL-ACME
O-1458,R-2023-05-04-07,9,2023-05-04 12:33:14,2023-05-04 12:28:14,1,NYC-2,Northeast,3PL-ACME
O-1459,R-2023-05-04-07,10,2023-05-04 12:32:54,2023-05-04 12:42:54,1,NYC-2,Northeast,3PL-ACME
O-1460,R-2023-05-05-00,1,2023-05-05 16:08:27,2023-05-05 15:58:27,1,BOS-3,Northeast,3PL-ACME
O-1461,R-2023-05-05-00,2,2023-05-05 17:13:05,2023-05-05 17:23:05,1,BOS-3,Northeast,3PL-ACME
O-1462,R-2023-05-05-00,3,2023-05-05 18:00:12,2023-05-05 17:50:12,1,BOS-3,Northeast,3PL-ACME
O-1463,R-2023-05-05-00,4,2023-05-05 11:26:08,2023-05-05 11:21:08,1,BOS-3,Northeast,3PL-ACME
O-1464,R-2023-05-05-00,5,2023-05-05 14:28:36,2023-05-05 14:23:36,1,BOS-3,Northeast,3PL-ACME
O-1465,R-2023-05-05-00,6,2023-05-05 12:13:43,2023-05-05 12:48:43,1,BOS-3,Northeast,3PL-ACME
O-1466,R-2023-05-05-00,7,2023-05-05 17:14:14,2023-05-05 17:14:14,1,BOS-3,Northeast,3PL-ACME
O-1467,R-2023-05-05-00,8,2023-05-05 17:43:49,2023-05-05 17:18:49,1,BOS-3,Northeast,3PL-ACME
O-1468,R-2023-05-05-00,9,2023-05-05 13:24:37,2023-05-05 13:34:37,1,BOS-3,Northeast,3PL-ACME
O-1469,R-2023-05-05-00,10,2023-05-05 12:20:36,2023-05-05 11:55:36,1,BOS-3,Northeast,3PL-ACME
O-1470,R-2023-05-05-00,11,2023-05-05 11:44:35,2023-05-05 11:19:35,1,BOS-3,Northeast,3PL-ACME
O-1471,R-2023-05-05-00,12,2023-05-05 13:05:56,2023-05-05 13:15:56,1,BOS-3,Northeast,3PL-ACME
O-1472,R-2023-05-05-00,13,2023-05-05 13:44:10,2023-05-05 13:39:10,1,BOS-3,Northeast,3PL-ACME
O-1473,R-2023-05-05-00,14,2023-05-05 16:58:42,2023-05-05 17:58:42,0,BOS-3,Northeast,3PL-ACME
O-1474,R-2023-05-05-00,15,2023-05-05 17:38:25,2023-05-05 18:38:25,1,BOS-3,Northeast,3PL-ACME
O-1475,R-2023-05-05-00,16,2023-05-05 17:19:07,2023-05-05 17:29:07,1,BOS-3,Northeast,3PL-ACME
O-1476,R-2023-05-05-00,17,2023-05-05 12:37:54,2023-05-05 12:27:54,1,BOS-3,Northeast,3PL-ACME
O-1477,R-2023-05-05-00,18,2023-05-05 16:36:11,2023-05-05 16:56:11,1,BOS-3,Northeast,3PL-ACME
O-1478,R-2023-05-05-01,1,2023-05-05 15:55:46,2023-05-05 15:55:46,1,SEA-5,Northwest,DSP-31
O-1479,R-2023-05-05-01,2,2023-05-05 12:03:40,2023-05-05 11:38:40,1,SEA-5,Northwest,DSP-31
O-1480,R-2023-05-05-01,3,2023-05-05 14:18:13,2023-05-05 14:13:13,1,SEA-5,Northwest,DSP-31
O-1481,R-2023-05-05-01,4,2023-05-05 14:17:47,2023-05-05 14:27:47,1,SEA-5,Northwest,DSP-31
O-1482,R-2023-05-05-01,5,2023-05-05 14:33:10,2023-05-05 14:28:10,1,SEA-5,Northwest,DSP-31
O-1483,R-2023-05-05-01,6,2023-05-05 18:09:16,2023-05-05 18:44:16,1,SEA-5,Northwest,DSP-31
O-1484,R-2023-05-05-01,7,2023-05-05 13:11:59,2023-05-05 13:31:59,1,SEA-5,Northwest,DSP-31
O-1485,R-2023-05-05-01,8,2023-05-05 17:25:56,,0,SEA-5,Northwest,DSP-31
O-1486,R-2023-05-05-01,9,2023-05-05 13:56:11,2023-05-05 14:31:11,0,SEA-5,Northwest,DSP-31
O-1487,R-2023-05-05-02,1,2023-05-05 13:44:55,2023-05-05 14:19:55,0,BOS-3,Northeast,DSP-31
O-1488,R-2023-05-05-02,2,2023-05-05 14:36:51,2023-05-05 14:46:51,1,BOS-3,Northeast,DSP-31
O-1489,R-2023-05-05-02,3,2023-05-05 16:13:33,2023-05-05 16:33:33,1,BOS-3,Northeast,DSP-31
O-1490,R-2023-05-05-02,4,2023-05-05 14:18:01,2023-05-05 14:18:01,1,BOS-3,Northeast,DSP-31
O-1491,R-2023-05-05-02,5,2023-05-05 13:57:58,,0,BOS-3,Northeast,DSP-31
O-1492,R-2023-05-05-02,6,2023-05-05 15:44:07,2023-05-05 15:39:07,1,BOS-3,Northeast,DSP-31
O-1493,R-2023-05-05-02,7,2023-05-05 14:51:20,2023-05-05 15:11:20,1,BOS-3,Northeast,DSP-31
O-1494,R-2023-05-05-02,8,2023-05-05 16:31:14,2023-05-05 16:21:14,1,BOS-3,Northeast,DSP-31
O-1495,R-2023-05-05-02,9,2023-05-05 14:57:25,2023-05-05 14:32:25,1,BOS-3,Northeast,DSP-31
O-1496,R-2023-05-05-02,10,2023-05-05 15:46:27,2023-05-05 15:46:27,1,BOS-3,Northeast,DSP-31
O-1497,R-2023-05-05-02,11,2023-05-05 12:00:19,2023-05-05 11:35:19,1,BOS-3,Northeast,DSP-31
O-1498,R-2023-05-05-02,12,2023-05-05 12:34:35,2023-05-05 13:09:35,1,BOS-3,Northeast,DSP-31
O-1499,R-2023-05-05-02,13,2023-05-05 15:01:50,2023-05-05 15:21:50,0,BOS-3,Northeast,DSP-31
O-1500,R-2023-05-05-02,14,2023-05-05 16:41:29,2023-05-05 16:31:29,1,BOS-3,Northeast,DSP-31
O-1501,R-2023-05-05-02,15,2023-05-05 13:37:09,2023-05-05 13:32:09,1,BOS-3,Northeast,DSP-31
O-1502,R-2023-05-05-03,1,2023-05-05 16:38:02,2023-05-05 16:38:02,1,SEA-5,Northwest,DSP-12
O-1503,R-2023-05-05-03,2,2023-05-05 16:26:13,,0,SEA-5,Northwest,DSP-12
O-1504,R-2023-05-05-03,3,2023-05-05 14:17:52,2023-05-05 14:12:52,1,SEA-5,Northwest,DSP-12
O-1505,R-2023-05-05-03,4,2023-05-05 17:02:18,,0,SEA-5,Northwest,DSP-12
O-1506,R-2023-05-05-03,5,2023-05-05 12:10:21,2023-05-05 12:30:21,1,SEA-5,Northwest,DSP-12
O-1507,R-2023-05-05-03,6,2023-05-05 12:02:29,2023-05-05 11:57:29,1,SEA-5,Northwest,DSP-12
O-1508,R-2023-05-05-03,7,2023-05-05 13:02:24,2023-05-05 13:37:24,1,SEA-5,Northwest,DSP-12
O-1509,R-2023-05-05-03,8,2023-05-05 16:38:04,2023-05-05 16:28:04,1,SEA-5,Northwest,DSP-12
O-1510,R-2023-05-05-03,9,2023-05-05 13:45:00,2023-05-05 13:45:00,1,SEA-5,Northwest,DSP-12
O-1511,R-2023-05-05-03,10,2023-05-05 16:29:00,2023-05-05 16:29:00,1,SEA-5,Northwest,DSP-12
O-1512,R-2023-05-05-03,11,2023-05-05 11:40:41,2023-05-05 11:35:41,1,SEA-5,Northwest,DSP-12
O-1513,R-2023-05-05-03,12,2023-05-05 16:25:20,2023-05-05 16:20:20,1,SEA-5,Northwest,DSP-12
O-1514,R-2023-05-05-03,13,2023-05-05 16:10:28,2023-05-05 15:45:28,1,SEA-5,Northwest,DSP-12
O-1515,R-2023-05-05-03,14,2023-05-05 16:06:13,2023-05-05 16:06:13,1,SEA-5,Northwest,DSP-12
O-1516,R-2023-05-05-03,15,2023-05-05 14:36:42,2023-05-05 14:46:42,1,SEA-5,Northwest,DSP-12
O-1517,R-2023-05-05-03,16,2023-05-05 15:31:47,,0,SEA-5,Northwest,DSP-12
O-1518,R-2023-05-05-03,17,2023-05-05 13:49:32,2023-05-05 13:59:32,1,SEA-5,Northwest,DSP-12
O-1519,R-2023-05-05-03,18,2023-05-05 17:31:35,,0,SEA-5,Northwest,DSP-12
O-1520,R-2023-05-05-04,1,2023-05-05 11:50:28,2023-05-05 11:45:28,1,BOS-3,Northeast,3PL-ACME
O-1521,R-2023-05-05-04,2,2023-05-05 11:25:24,2023-05-05 11:35:24,1,BOS-3,Northeast,3PL-ACME
O-1522,R-2023-05-05-04,3,2023-05-05 14:03:26,,0,BOS-3,Northeast,3PL-ACME
O-1523,R-2023-05-05-04,4,2023-05-05 15:41:19,2023-05-05 15:51:19,1,BOS-3,Northeast,3PL-ACME
O-1524,R-2023-05-05-04,5,2023-05-05 13:49:34,2023-05-05 13:24:34,1,BOS-3,Northeast,3PL-ACME
O-1525,R-2023-05-05-04,6,2023-05-05 15:28:19,2023-05-05 15:03:19,1,BOS-3,Northeast,3PL-ACME
O-1526,R-2023-05-05-04,7,2023-05-05 15:35:16,,0,BOS-3,Northeast,3PL-ACME
O-1527,R-2023-05-05-04,8,2023-05-05 12:01:37,2023-05-05 11:51:37,1,BOS-3,Northeast,3PL-ACME
O-1528,R-2023-05-05-04,9,2023-05-05 14:38:33,,0,BOS-3,Northeast,3PL-ACME
O-1529,R-2023-05-05-04,10,2023-05-05 13:36:45,2023-05-05 13:46:45,1,BOS-3,Northeast,3PL-ACME
O-1530,R-2023-05-05-04,11,2023-05-05 13:22:37,2023-05-05 13:17:37,1,BOS-3,Northeast,3PL-ACME
O-1531,R-2023-05-05-04,12,2023-05-05 15:30:44,,0,BOS-3,Northeast,3PL-ACME
O-1532,R-2023-05-05-04,13,2023-05-05 11:56:57,2023-05-05 11:46:57,1,BOS-3,Northeast,3PL-ACME
O-1533,R-2023-05-05-04,14,2023-05-05 12:40:37,2023-05-05 12:30:37,1,BOS-3,Northeast,3PL-ACME
O-1534,R-2023-05-05-04,15,2023-05-05 11:31:30,2023-05-05 11:41:30,1,BOS-3,Northeast,3PL-ACME
O-1535,R-2023-05-05-04,16,2023-05-05 15:16:30,2023-05-05 15:26:30,1,BOS-3,Northeast,3PL-ACME
O-1536,R-2023-05-05-04,17,2023-05-05 14:33:28,2023-05-05 14:28:28,1,BOS-3,Northeast,3PL-ACME
O-1537,R-2023-05-05-05,1,2023-05-05 14:21:09,2023-05-05 14:21:09,1,BOS-3,Northeast,DSP-31
O-1538,R-2023-05-05-05,2,2023-05-05 13:13:08,2023-05-05 13:23:08,1,BOS-3,Northeast,DSP-31
O-1539,R-2023-05-05-05,3,2023-05-05 13:45:42,2023-05-05 13:35:42,1,BOS-3,Northeast,DSP-31
O-1540,R-2023-05-05-05,4,2023-05-05 14:50:45,2023-05-05 14:45:45,1,BOS-3,Northeast,DSP-31
O-1541,R-2023-05-05-05,5,2023-05-05 13:02:34,2023-05-05 13:12:34,1,BOS-3,Northeast,DSP-31
O-1542,R-2023-05-05-05,6,2023-05-05 19:16:51,2023-05-05 19:36:51,1,BOS-3,Northeast,DSP-31
O-1543,R-2023-05-05-05,7,2023-05-05 14:44:55,2023-05-05 14:54:55,1,BOS-3,Northeast,DSP-31
O-1544,R-2023-05-05-05,8,2023-05-05 17:25:36,2023-05-05 17:35:36,1,BOS-3,Northeast,DSP-31
O-1545,R-2023-05-05-05,9,2023-05-05 12:26:10,2023-05-05 13:01:10,1,BOS-3,Northeast,DSP-31
O-1546,R-2023-05-05-05,10,2023-05-05 15:07:01,2023-05-05 15:07:01,1,BOS-3,Northeast,DSP-31
O-1547,R-2023-05-05-05,11,2023-05-05 14:09:27,2023-05-05 14:29:27,1,BOS-3,Northeast,DSP-31
O-1548,R-2023-05-05-05,12,2023-05-05 14:16:00,2023-05-05 13:51:00,1,BOS-3,Northeast,DSP-31
O-1549,R-2023-05-05-05,13,2023-05-05 19:27:52,2023-05-05 19:27:52,1,BOS-3,Northeast,DSP-31
O-1550,R-2023-05-05-05,14,2023-05-05 17:51:18,2023-05-05 17:51:18,1,BOS-3,Northeast,DSP-31
O-1551,R-2023-05-05-05,15,2023-05-05 18:50:06,2023-05-05 18:40:06,1,BOS-3,Northeast,DSP-31
O-1552,R-2023-05-05-05,16,2023-05-05 16:01:25,2023-05-05 15:36:25,1,BOS-3,Northeast,DSP-31
O-1553,R-2023-05-05-06,1,2023-05-05 17:33:18,2023-05-05 17:28:18,1,BOS-3,Northeast,3PL-ACME
O-1554,R-2023-05-05-06,2,2023-05-05 15:53:55,,0,BOS-3,Northeast,3PL-ACME
O-1555,R-2023-05-05-06,3,2023-05-05 16:29:57,2023-05-05 16:39:57,1,BOS-3,Northeast,3PL-ACME
O-1556,R-2023-05-05-06,4,2023-05-05 11:51:16,2023-05-05 11:41:16,1,BOS-3,Northeast,3PL-ACME
O-1557,R-2023-05-05-06,5,2023-05-05 16:19:38,2023-05-05 16:39:38,0,BOS-3,Northeast,3PL-ACME
O-1558,R-2023-05-05-06,6,2023-05-05 13:38:05,2023-05-05 13:13:05,1,BOS-3,Northeast,3PL-ACME
O-1559,R-2023-05-05-06,7,2023-05-05 12:13:07,2023-05-05 11:48:07,1,BOS-3,Northeast,3PL-ACME
O-1560,R-2023-05-05-07,1,2023-05-05 13:02:48,2023-05-05 12:37:48,1,BOS-3,Northeast,DSP-12
O-1561,R-2023-05-05-07,2,2023-05-05 14:59:11,2023-05-05 14:49:11,1,BOS-3,Northeast,DSP-12
O-1562,R-2023-05-05-07,3,2023-05-05 15:03:41,2023-05-05 14:58:41,1,BOS-3,Northeast,DSP-12
O-1563,R-2023-05-05-07,4,2023-05-05 14:15:27,2023-05-05 15:15:27,1,BOS-3,Northeast,DSP-12
O-1564,R-2023-05-05-07,5,2023-05-05 11:14:29,,0,BOS-3,Northeast,DSP-12
O-1565,R-2023-05-05-07,6,2023-05-05 16:36:35,2023-05-05 17:11:35,1,BOS-3,Northeast,DSP-12
O-1566,R-2023-05-05-07,7,2023-05-05 12:12:52,2023-05-05 12:22:52,1,BOS-3,Northeast,DSP-12
O-1567,R-2023-05-05-07,8,2023-05-05 11:58:07,2023-05-05 11:53:07,1,BOS-3,Northeast,DSP-12
O-1568,R-2023-05-05-07,9,2023-05-05 13:26:59,2023-05-05 13:36:59,1,BOS-3,Northeast,DSP-12
O-1569,R-2023-05-05-07,10,2023-05-05 18:06:39,2023-05-05 17:56:39,1,BOS-3,Northeast,DSP-12
O-1570,R-2023-05-05-07,11,2023-05-05 17:45:01,2023-05-05 18:45:01,1,BOS-3,Northeast,DSP-12
O-1571,R-2023-05-05-07,12,2023-05-05 17:23:54,2023-05-05 17:13:54,1,BOS-3,Northeast,DSP-12
O-1572,R-2023-05-05-07,13,2023-05-05 17:02:00,2023-05-05 17:22:00,1,BOS-3,Northeast,DSP-12
O-1573,R-2023-05-05-07,14,2023-05-05 14:34:49,,0,BOS-3,Northeast,DSP-12
O-1574,R-2023-05-05-07,15,2023-05-05 16:00:22,2023-05-05 16:00:22,1,BOS-3,Northeast,DSP-12
O-1575,R-2023-05-05-08,1,2023-05-05 15:40:14,2023-05-05 15:30:14,1,NYC-2,Northeast,3PL-ACME
O-1576,R-2023-05-05-08,2,2023-05-05 11:43:14,2023-05-05 12:03:14,1,NYC-2,Northeast,3PL-ACME
O-1577,R-2023-05-05-08,3,2023-05-05 15:26:57,2023-05-05 15:21:57,1,NYC-2,Northeast,3PL-ACME
O-1578,R-2023-05-05-08,4,2023-05-05 15:58:06,2023-05-05 15:58:06,1,NYC-2,Northeast,3PL-ACME
O-1579,R-2023-05-05-08,5,2023-05-05 15:56:31,2023-05-05 15:31:31,1,NYC-2,Northeast,3PL-ACME
O-1580,R-2023-05-05-08,6,2023-05-05 13:43:57,2023-05-05 13:43:57,1,NYC-2,Northeast,3PL-ACME
O-1581,R-2023-05-05-08,7,2023-05-05 14:34:02,2023-05-05 14:34:02,1,NYC-2,Northeast,3PL-ACME
O-1582,R-2023-05-05-08,8,2023-05-05 14:46:32,2023-05-05 14:56:32,1,NYC-2,Northeast,3PL-ACME
O-1583,R-2023-05-05-08,9,2023-05-05 12:29:44,,0,NYC-2,Northeast,3PL-ACME
O-1584,R-2023-05-05-08,10,2023-05-05 12:07:45,2023-05-05 12:02:45,1,NYC-2,Northeast,3PL-ACME
O-1585,R-2023-05-05-08,11,2023-05-05 15:31:08,2023-05-05 15:26:08,1,NYC-2,Northeast,3PL-ACME
O-1586,R-2023-05-05-08,12,2023-05-05 12:20:36,,0,NYC-2,Northeast,3PL-ACME
O-1587,R-2023-05-05-08,13,2023-05-05 15:57:25,2023-05-05 15:52:25,1,NYC-2,Northeast,3PL-ACME
O-1588,R-2023-05-05-08,14,2023-05-05 15:04:36,2023-05-05 15:04:36,1,NYC-2,Northeast,3PL-ACME
O-1589,R-2023-05-05-08,15,2023-05-05 13:17:32,2023-05-05 13:12:32,1,NYC-2,Northeast,3PL-ACME
O-1590,R-2023-05-05-08,16,2023-05-05 15:42:30,2023-05-05 15:37:30,1,NYC-2,Northeast,3PL-ACME
O-1591,R-2023-05-05-09,1,2023-05-05 11:00:17,2023-05-05 10:50:17,1,NYC-2,Northeast,DSP-12
O-1592,R-2023-05-05-09,2,2023-05-05 14:29:22,2023-05-05 14:39:22,1,NYC-2,Northeast,DSP-12
O-1593,R-2023-05-05-09,3,2023-05-05 13:00:44,2023-05-05 12:55:44,1,NYC-2,Northeast,DSP-12
O-1594,R-2023-05-05-09,4,2023-05-05 11:49:26,2023-05-05 11:44:26,1,NYC-2,Northeast,DSP-12
O-1595,R-2023-05-05-09,5,2023-05-05 14:08:10,2023-05-05 14:28:10,0,NYC-2,Northeast,DSP-12
O-1596,R-2023-05-05-09,6,2023-05-05 11:57:50,2023-05-05 11:52:50,1,NYC-2,Northeast,DSP-12
O-1597,R-2023-05-06-00,1,2023-05-06 13:17:03,2023-05-06 13:17:03,1,SEA-5,Northwest,DSP-12
O-1598,R-2023-05-06-00,2,2023-05-06 11:48:52,2023-05-06 11:23:52,1,SEA-5,Northwest,DSP-12
O-1599,R-2023-05-06-00,3,2023-05-06 11:20:01,2023-05-06 11:20:01,1,SEA-5,Northwest,DSP-12
O-1600,R-2023-05-06-00,4,2023-05-06 12:23:53,,0,SEA-5,Northwest,DSP-12
O-1601,R-2023-05-06-00,5,2023-05-06 16:54:11,2023-05-06 16:49:11,1,SEA-5,Northwest,DSP-12
O-1602,R-2023-05-06-00,6,2023-05-06 17:16:51,2023-05-06 16:51:51,1,SEA-5,Northwest,DSP-12
O-1603,R-2023-05-06-00,7,2023-05-06 14:40:10,2023-05-06 15:00:10,1,SEA-5,Northwest,DSP-12
O-1604,R-2023-05-06-00,8,2023-05-06 11:14:02,2023-05-06 11:09:02,1,SEA-5,Northwest,DSP-12
O-1605,R-2023-05-06-00,9,2023-05-06 13:26:13,2023-05-06 13:16:13,1,SEA-5,Northwest,DSP-12
O-1606,R-2023-05-06-01,1,2023-05-06 12:02:35,2023-05-06 11:57:35,1,BOS-3,Northeast,DSP-12
O-1607,R-2023-05-06-01,2,2023-05-06 13:53:11,2023-05-06 13:28:11,1,BOS-3,Northeast,DSP-12
O-1608,R-2023-05-06-01,3,2023-05-06 11:23:36,2023-05-06 11:13:36,1,BOS-3,Northeast,DSP-12
O-1609,R-2023-05-06-01,4,2023-05-06 13:46:48,2023-05-06 13:41:48,1,BOS-3,Northeast,DSP-12
O-1610,R-2023-05-06-01,5,2023-05-06 12:33:25,2023-05-06 12:08:25,1,BOS-3,Northeast,DSP-12
O-1611,R-2023-05-06-01,6,2023-05-06 14:08:04,2023-05-06 15:08:04,1,BOS-3,Northeast,DSP-12
O-1612,R-2023-05-06-01,7,2023-05-06 13:16:12,2023-05-06 12:51:12,1,BOS-3,Northeast,DSP-12
O-1613,R-2023-05-06-01,8,2023-05-06 12:41:11,2023-05-06 12:36:11,1,BOS-3,Northeast,DSP-12
O-1614,R-2023-05-06-01,9,2023-05-06 13:06:16,2023-05-06 14:06:16,0,BOS-3,Northeast,DSP-12
O-1615,R-2023-05-06-02,1,2023-05-06 13:24:58,2023-05-06 13:34:58,1,SEA-5,Northwest,DSP-31
O-1616,R-2023-05-06-02,2,2023-05-06 15:57:53,2023-05-06 15:52:53,1,SEA-5,Northwest,DSP-31
O-1617,R-2023-05-06-02,3,2023-05-06 15:18:33,2023-05-06 15:28:33,1,SEA-5,Northwest,DSP-31
O-1618,R-2023-05-06-02,4,2023-05-06 12:17:40,2023-05-06 12:12:40,1,SEA-5,Northwest,DSP-31
O-1619,R-2023-05-06-02,5,2023-05-06 15:09:21,2023-05-06 15:29:21,1,SEA-5,Northwest,DSP-31
O-1620,R-2023-05-06-02,6,2023-05-06 12:37:35,2023-05-06 13:12:35,1,SEA-5,Northwest,DSP-31
O-1621,R-2023-05-06-02,7,2023-05-06 13:13:30,2023-05-06 13:48:30,1,SEA-5,Northwest,DSP-31
O-1622,R-2023-05-06-02,8,2023-05-06 15:56:23,2023-05-06 15:56:23,1,SEA-5,Northwest,DSP-31
O-1623,R-2023-05-06-03,1,2023-05-06 13:45:30,2023-05-06 13:40:30,1,SEA-5,Northwest,DSP-31
O-1624,R-2023-05-06-03,2,2023-05-06 15:05:45,2023-05-06 15:40:45,0,SEA-5,Northwest,DSP-31
O-1625,R-2023-05-06-03,3,2023-05-06 17:25:02,2023-05-06 17:20:02,1,SEA-5,Northwest,DSP-31
O-1626,R-2023-05-06-03,4,2023-05-06 11:43:08,2023-05-06 11:18:08,1,SEA-5,Northwest,DSP-31
O-1627,R-2023-05-06-03,5,2023-05-06 16:45:38,2023-05-06 16:55:38,1,SEA-5,Northwest,DSP-31
O-1628,R-2023-05-06-03,6,2023-05-06 12:13:19,2023-05-06 12:23:19,1,SEA-5,Northwest,DSP-31
O-1629,R-2023-05-06-03,7,2023-05-06 11:43:47,2023-05-06 11:38:47,1,SEA-5,Northwest,DSP-31
O-1630,R-2023-05-06-03,8,2023-05-06 11:57:38,2023-05-06 12:17:38,0,SEA-5,Northwest,DSP-31
O-1631,R-2023-05-06-03,9,2023-05-06 11:45:07,2023-05-06 11:55:07,1,SEA-5,Northwest,DSP-31
O-1632,R-2023-05-06-03,10,2023-05-06 16:48:07,2023-05-06 16:58:07,1,SEA-5,Northwest,DSP-31
O-1633,R-2023-05-06-03,11,2023-05-06 14:48:10,2023-05-06 14:48:10,1,SEA-5,Northwest,DSP-31
O-1634,R-2023-05-06-03,12,2023-05-06 11:54:13,2023-05-06 11:49:13,1,SEA-5,Northwest,DSP-31
O-1635,R-2023-05-06-03,13,2023-05-06 16:14:42,2023-05-06 16:49:42,1,SEA-5,Northwest,DSP-31
O-1636,R-2023-05-06-03,14,2023-05-06 18:50:50,2023-05-06 19:00:50,1,SEA-5,Northwest,DSP-31
O-1637,R-2023-05-06-04,1,2023-05-06 15:33:33,2023-05-06 15:28:33,1,SEA-5,Northwest,DSP-12
O-1638,R-2023-05-06-04,2,2023-05-06 12:46:03,2023-05-06 12:41:03,1,SEA-5,Northwest,DSP-12
O-1639,R-2023-05-06-04,3,2023-05-06 12:40:57,2023-05-06 12:15:57,1,SEA-5,Northwest,DSP-12
O-1640,R-2023-05-06-04,4,2023-05-06 17:30:15,2023-05-06 17:40:15,1,SEA-5,Northwest,DSP-12
O-1641,R-2023-05-06-04,5,2023-05-06 13:54:18,2023-05-06 14:29:18,1,SEA-5,Northwest,DSP-12
O-1642,R-2023-05-06-04,6,2023-05-06 16:24:03,2023-05-06 16:19:03,1,SEA-5,Northwest,DSP-12
O-1643,R-2023-05-06-05,1,2023-05-06 12:34:06,2023-05-06 13:09:06,1,NYC-2,Northeast,DSP-12
O-1644,R-2023-05-06-05,2,2023-05-06 16:09:53,2023-05-06 15:59:53,1,NYC-2,Northeast,DSP-12
O-1645,R-2023-05-06-05,3,2023-05-06 17:08:13,2023-05-06 17:03:13,1,NYC-2,Northeast,DSP-12
O-1646,R-2023-05-06-05,4,2023-05-06 17:16:41,2023-05-06 17:16:41,1,NYC-2,Northeast,DSP-12
O-1647,R-2023-05-06-05,5,2023-05-06 17:15:42,2023-05-06 17:50:42,1,NYC-2,Northeast,DSP-12
O-1648,R-2023-05-06-05,6,2023-05-06 15:18:02,2023-05-06 15:28:02,1,NYC-2,Northeast,DSP-12
O-1649,R-2023-05-06-05,7,2023-05-06 12:07:57,2023-05-06 11:57:57,1,NYC-2,Northeast,DSP-12
O-1650,R-2023-05-06-05,8,2023-05-06 14:15:36,2023-05-06 14:15:36,1,NYC-2,Northeast,DSP-12
O-1651,R-2023-05-06-06,1,2023-05-06 12:10:33,2023-05-06 12:05:33,1,SEA-5,Northwest,3PL-ACME
O-1652,R-2023-05-06-06,2,2023-05-06 13:54:11,2023-05-06 14:04:11,1,SEA-5,Northwest,3PL-ACME
O-1653,R-2023-05-06-06,3,2023-05-06 11:39:52,,0,SEA-5,Northwest,3PL-ACME
O-1654,R-2023-05-06-06,4,2023-05-06 14:59:38,2023-05-06 15:59:38,0,SEA-5,Northwest,3PL-ACME
O-1655,R-2023-05-06-06,5,2023-05-06 14:54:54,2023-05-06 14:54:54,1,SEA-5,Northwest,3PL-ACME
O-1656,R-2023-05-06-06,6,2023-05-06 14:26:39,2023-05-06 14:36:39,1,SEA-5,Northwest,3PL-ACME
O-1657,R-2023-05-06-06,7,2023-05-06 14:19:22,2023-05-06 14:09:22,1,SEA-5,Northwest,3PL-ACME
O-1658,R-2023-05-06-06,8,2023-05-06 13:51:34,2023-05-06 14:11:34,1,SEA-5,Northwest,3PL-ACME
O-1659,R-2023-05-06-06,9,2023-05-06 14:23:27,2023-05-06 14:43:27,1,SEA-5,Northwest,3PL-ACME
O-1660,R-2023-05-06-06,10,2023-05-06 11:56:10,2023-05-06 12:16:10,0,SEA-5,Northwest,3PL-ACME
O-1661,R-2023-05-06-06,11,2023-05-06 13:46:30,2023-05-06 13:41:30,1,SEA-5,Northwest,3PL-ACME
O-1662,R-2023-05-06-06,12,2023-05-06 14:19:24,2023-05-06 14:39:24,0,SEA-5,Northwest,3PL-ACME
O-1663,R-2023-05-06-06,13,2023-05-06 13:54:22,2023-05-06 13:44:22,1,SEA-5,Northwest,3PL-ACME
O-1664,R-2023-05-06-06,14,2023-05-06 13:20:00,2023-05-06 13:10:00,1,SEA-5,Northwest,3PL-ACME
O-1665,R-2023-05-06-06,15,2023-05-06 14:31:10,2023-05-06 14:26:10,1,SEA-5,Northwest,3PL-ACME
O-1666,R-2023-05-06-06,16,2023-05-06 14:07:25,2023-05-06 14:27:25,0,SEA-5,Northwest,3PL-ACME
O-1667,R-2023-05-06-07,1,2023-05-06 12:39:10,2023-05-06 12:39:10,1,SEA-5,Northwest,3PL-ACME
O-1668,R-2023-05-06-07,2,2023-05-06 15:13:37,2023-05-06 15:03:37,1,SEA-5,Northwest,3PL-ACME
O-1669,R-2023-05-06-07,3,2023-05-06 17:02:20,2023-05-06 17:22:20,1,SEA-5,Northwest,3PL-ACME
O-1670,R-2023-05-06-07,4,2023-05-06 14:43:05,2023-05-06 15:03:05,1,SEA-5,Northwest,3PL-ACME
O-1671,R-2023-05-06-07,5,2023-05-06 11:49:00,2023-05-06 11:24:00,1,SEA-5,Northwest,3PL-ACME
O-1672,R-2023-05-06-07,6,2023-05-06 14:00:32,2023-05-06 13:50:32,1,SEA-5,Northwest,3PL-ACME
O-1673,R-2023-05-06-07,7,2023-05-06 15:48:08,2023-05-06 15:23:08,1,SEA-5,Northwest,3PL-ACME
O-1674,R-2023-05-06-07,8,2023-05-06 15:13:29,2023-05-06 14:48:29,1,SEA-5,Northwest,3PL-ACME
O-1675,R-2023-05-06-07,9,2023-05-06 15:46:02,2023-05-06 15:46:02,1,SEA-5,Northwest,3PL-ACME
O-1676,R-2023-05-06-07,10,2023-05-06 12:39:10,2023-05-06 12:39:10,1,SEA-5,Northwest,3PL-ACME
O-1677,R-2023-05-06-07,11,2023-05-06 15:59:59,2023-05-06 15:49:59,1,SEA-5,Northwest,3PL-ACME
O-1678,R-2023-05-06-07,12,2023-05-06 16:07:50,2023-05-06 15:57:50,1,SEA-5,Northwest,3PL-ACME
O-1679,R-2023-05-06-07,13,2023-05-06 11:37:37,2023-05-06 11:27:37,1,SEA-5,Northwest,3PL-ACME
O-1680,R-2023-05-06-07,14,2023-05-06 12:48:25,2023-05-06 12:23:25,1,SEA-5,Northwest,3PL-ACME
O-1681,R-2023-05-06-08,1,2023-05-06 12:16:38,2023-05-06 12:36:38,1,BOS-3,Northeast,DSP-12
O-1682,R-2023-05-06-08,2,2023-05-06 13:49:34,2023-05-06 13:49:34,1,BOS-3,Northeast,DSP-12
O-1683,R-2023-05-06-08,3,2023-05-06 12:22:21,2023-05-06 12:17:21,1,BOS-3,Northeast,DSP-12
O-1684,R-2023-05-06-08,4,2023-05-06 15:01:33,2023-05-06 15:11:33,1,BOS-3,Northeast,DSP-12
O-1685,R-2023-05-06-08,5,2023-05-06 11:17:23,2023-05-06 11:17:23,1,BOS-3,Northeast,DSP-12
O-1686,R-2023-05-06-08,6,2023-05-06 15:23:01,2023-05-06 14:58:01,1,BOS-3,Northeast,DSP-12
O-1687,R-2023-05-06-08,7,2023-05-06 12:38:04,,0,BOS-3,Northeast,DSP-12
O-1688,R-2023-05-06-08,8,2023-05-06 13:22:15,2023-05-06 13:32:15,1,BOS-3,Northeast,DSP-12
O-1689,R-2023-05-06-08,9,2023-05-06 15:59:05,2023-05-06 16:34:05,1,BOS-3,Northeast,DSP-12
O-1690,R-2023-05-06-08,10,2023-05-06 11:40:32,2023-05-06 11:15:32,1,BOS-3,Northeast,DSP-12
O-1691,R-2023-05-06-08,11,2023-05-06 11:51:20,2023-05-06 12:01:20,1,BOS-3,Northeast,DSP-12
O-1692,R-2023-05-06-08,12,2023-05-06 13:35:27,2023-05-06 13:30:27,1,BOS-3,Northeast,DSP-12
O-1693,R-2023-05-06-08,13,2023-05-06 13:14:34,2023-05-06 12:49:34,1,BOS-3,Northeast,DSP-12
O-1694,R-2023-05-06-09,1,2023-05-06 13:40:04,2023-05-06 13:30:04,1,BOS-3,Northeast,DSP-12
O-1695,R-2023-05-06-09,2,2023-05-06 15:45:27,2023-05-06 15:20:27,1,BOS-3,Northeast,DSP-12
O-1696,R-2023-05-06-09,3,2023-05-06 14:05:38,2023-05-06 14:15:38,1,BOS-3,Northeast,DSP-12
O-1697,R-2023-05-06-09,4,2023-05-06 15:05:57,2023-05-06 15:15:57,1,BOS-3,Northeast,DSP-12
O-1698,R-2023-05-06-09,5,2023-05-06 11:46:33,2023-05-06 11:56:33,1,BOS-3,Northeast,DSP-12
O-1699,R-2023-05-06-09,6,2023-05-06 13:29:14,,0,BOS-3,Northeast,DSP-12
O-1700,R-2023-05-06-09,7,2023-05-06 16:49:34,2023-05-06 16:39:34,1,BOS-3,Northeast,DSP-12
O-1701,R-2023-05-06-09,8,2023-05-06 11:35:48,2023-05-06 11:45:48,1,BOS-3,Northeast,DSP-12
O-1702,R-2023-05-06-09,9,2023-05-06 17:00:45,,0,BOS-3,Northeast,DSP-12
O-1703,R-2023-05-06-09,10,2023-05-06 11:59:11,2023-05-06 11:49:11,1,BOS-3,Northeast,DSP-12
O-1704,R-2023-05-06-09,11,2023-05-06 14:03:36,2023-05-06 13:58:36,1,BOS-3,Northeast,DSP-12
O-1705,R-2023-05-06-09,12,2023-05-06 13:23:52,2023-05-06 13:18:52,1,BOS-3,Northeast,DSP-12
O-1706,R-2023-05-06-09,13,2023-05-06 11:49:26,2023-05-06 12:24:26,0,BOS-3,Northeast,DSP-12
O-1707,R-2023-05-06-09,14,2023-05-06 17:07:02,2023-05-06 17:02:02,1,BOS-3,Northeast,DSP-12
O-1708,R-2023-05-06-09,15,2023-05-06 15:16:43,2023-05-06 15:06:43,1,BOS-3,Northeast,DSP-12
O-1709,R-2023-05-06-10,1,2023-05-06 16:49:50,2023-05-06 16:59:50,1,BOS-3,Northeast,3PL-ACME
O-1710,R-2023-05-06-10,2,2023-05-06 16:21:10,2023-05-06 16:21:10,1,BOS-3,Northeast,3PL-ACME
O-1711,R-2023-05-06-10,3,2023-05-06 14:48:25,2023-05-06 14:43:25,1,BOS-3,Northeast,3PL-ACME
O-1712,R-2023-05-06-10,4,2023-05-06 14:51:45,2023-05-06 14:26:45,1,BOS-3,Northeast,3PL-ACME
O-1713,R-2023-05-06-10,5,2023-05-06 13:34:49,2023-05-06 13:29:49,1,BOS-3,Northeast,3PL-ACME
O-1714,R-2023-05-06-10,6,2023-05-06 13:03:55,2023-05-06 13:23:55,1,BOS-3,Northeast,3PL-ACME
O-1715,R-2023-05-06-10,7,2023-05-06 16:26:36,2023-05-06 16:46:36,1,BOS-3,Northeast,3PL-ACME
O-1716,R-2023-05-06-10,8,2023-05-06 14:15:06,2023-05-06 14:25:06,1,BOS-3,Northeast,3PL-ACME
O-1717,R-2023-05-06-10,9,2023-05-06 15:12:29,2023-05-06 15:12:29,1,BOS-3,Northeast,3PL-ACME
O-1718,R-2023-05-06-10,10,2023-05-06 13:42:13,2023-05-06 13:42:13,1,BOS-3,Northeast,3PL-ACME
O-1719,R-2023-05-06-10,11,2023-05-06 16:16:33,2023-05-06 16:16:33,1,BOS-3,Northeast,3PL-ACME
O-1720,R-2023-05-06-10,12,2023-05-06 12:20:30,2023-05-06 12:10:30,1,BOS-3,Northeast,3PL-ACME
O-1721,R-2023-05-06-10,13,2023-05-06 16:04:34,2023-05-06 16:39:34,1,BOS-3,Northeast,3PL-ACME
O-1722,R-2023-05-06-10,14,2023-05-06 14:28:59,2023-05-06 14:03:59,1,BOS-3,Northeast,3PL-ACME
O-1723,R-2023-05-06-10,15,2023-05-06 13:11:23,2023-05-06 13:21:23,1,BOS-3,Northeast,3PL-ACME
O-1724,R-2023-05-06-10,16,2023-05-06 16:16:53,,0,BOS-3,Northeast,3PL-ACME
O-1725,R-2023-05-06-10,17,2023-05-06 11:33:09,,0,BOS-3,Northeast,3PL-ACME
O-1726,R-2023-05-06-10,18,2023-05-06 11:28:44,2023-05-06 11:18:44,1,BOS-3,Northeast,3PL-ACME
O-1727,R-2023-05-06-11,1,2023-05-06 14:18:36,2023-05-06 14:18:36,1,SEA-5,Northwest,DSP-12
O-1728,R-2023-05-06-11,2,2023-05-06 15:30:33,2023-05-06 16:05:33,1,SEA-5,Northwest,DSP-12
O-1729,R-2023-05-06-11,3,2023-05-06 16:28:20,2023-05-06 16:18:20,1,SEA-5,Northwest,DSP-12
O-1730,R-2023-05-06-11,4,2023-05-06 16:47:29,,0,SEA-5,Northwest,DSP-12
O-1731,R-2023-05-06-11,5,2023-05-06 14:40:13,2023-05-06 14:40:13,1,SEA-5,Northwest,DSP-12
O-1732,R-2023-05-06-11,6,2023-05-06 18:25:48,,0,SEA-5,Northwest,DSP-12
O-1733,R-2023-05-06-11,7,2023-05-06 17:34:00,2023-05-06 17:24:00,1,SEA-5,Northwest,DSP-12
O-1734,R-2023-05-06-11,8,2023-05-06 15:34:21,2023-05-06 16:09:21,0,SEA-5,Northwest,DSP-12
O-1735,R-2023-05-06-11,9,2023-05-06 14:16:21,2023-05-06 14:06:21,1,SEA-5,Northwest,DSP-12
O-1736,R-2023-05-06-11,10,2023-05-06 15:03:04,2023-05-06 14:58:04,1,SEA-5,Northwest,DSP-12
O-1737,R-2023-05-06-11,11,2023-05-06 15:16:31,2023-05-06 15:26:31,1,SEA-5,Northwest,DSP-12
O-1738,R-2023-05-06-11,12,2023-05-06 16:45:48,2023-05-06 16:45:48,1,SEA-5,Northwest,DSP-12
O-1739,R-2023-05-06-11,13,2023-05-06 15:49:24,2023-05-06 16:09:24,1,SEA-5,Northwest,DSP-12
O-1740,R-2023-05-06-11,14,2023-05-06 18:00:51,2023-05-06 17:55:51,1,SEA-5,Northwest,DSP-12
O-1741,R-2023-05-06-12,1,2023-05-06 13:33:14,2023-05-06 13:23:14,1,BOS-3,Northeast,DSP-31
O-1742,R-2023-05-06-12,2,2023-05-06 12:03:04,2023-05-06 12:23:04,1,BOS-3,Northeast,DSP-31
O-1743,R-2023-05-06-12,3,2023-05-06 12:02:09,2023-05-06 12:12:09,1,BOS-3,Northeast,DSP-31
O-1744,R-2023-05-06-12,4,2023-05-06 12:55:17,,0,BOS-3,Northeast,DSP-31
O-1745,R-2023-05-06-12,5,2023-05-06 14:57:58,2023-05-06 14:52:58,1,BOS-3,Northeast,DSP-31
O-1746,R-2023-05-06-12,6,2023-05-06 11:32:55,2023-05-06 11:22:55,1,BOS-3,Northeast,DSP-31
O-1747,R-2023-05-06-12,7,2023-05-06 12:49:41,2023-05-06 12:49:41,1,BOS-3,Northeast,DSP-31
O-1748,R-2023-05-06-12,8,2023-05-06 15:24:00,2023-05-06 15:14:00,1,BOS-3,Northeast,DSP-31
O-1749,R-2023-05-06-12,9,2023-05-06 12:14:12,2023-05-06 13:14:12,1,BOS-3,Northeast,DSP-31
O-1750,R-2023-05-06-12,10,2023-05-06 12:29:13,2023-05-06 12:49:13,0,BOS-3,Northeast,DSP-31
O-1751,R-2023-05-06-12,11,2023-05-06 15:23:27,2023-05-06 16:23:27,0,BOS-3,Northeast,DSP-31
O-1752,R-2023-05-06-12,12,2023-05-06 15:02:12,2023-05-06 15:12:12,1,BOS-3,Northeast,DSP-31
O-1753,R-2023-05-06-12,13,2023-05-06 12:03:17,2023-05-06 12:03:17,1,BOS-3,Northeast,DSP-31
O-1754,R-2023-05-07-00,1,2023-05-07 11:48:33,2023-05-07 11:58:33,1,SEA-5,Northwest,DSP-12
O-1755,R-2023-05-07-00,2,2023-05-07 12:07:20,2023-05-07 12:02:20,1,SEA-5,Northwest,DSP-12
O-1756,R-2023-05-07-00,3,2023-05-07 17:18:46,2023-05-07 17:13:46,1,SEA-5,Northwest,DSP-12
O-1757,R-2023-05-07-00,4,2023-05-07 12:26:31,2023-05-07 13:26:31,1,SEA-5,Northwest,DSP-12
O-1758,R-2023-05-07-00,5,2023-05-07 16:09:16,2023-05-07 15:59:16,1,SEA-5,Northwest,DSP-12
O-1759,R-2023-05-07-00,6,2023-05-07 12:14:34,2023-05-07 12:09:34,1,SEA-5,Northwest,DSP-12
O-1760,R-2023-05-07-00,7,2023-05-07 17:08:52,,0,SEA-5,Northwest,DSP-12
O-1761,R-2023-05-07-00,8,2023-05-07 12:01:32,2023-05-07 12:21:32,1,SEA-5,Northwest,DSP-12
O-1762,R-2023-05-07-00,9,2023-05-07 14:09:29,2023-05-07 14:04:29,1,SEA-5,Northwest,DSP-12
O-1763,R-2023-05-07-00,10,2023-05-07 16:23:12,2023-05-07 16:18:12,1,SEA-5,Northwest,DSP-12
O-1764,R-2023-05-07-01,1,2023-05-07 14:19:17,2023-05-07 15:19:17,1,BOS-3,Northeast,DSP-12
O-1765,R-2023-05-07-01,2,2023-05-07 11:54:01,2023-05-07 11:44:01,1,BOS-3,Northeast,DSP-12
O-1766,R-2023-05-07-01,3,2023-05-07 14:11:30,2023-05-07 14:21:30,1,BOS-3,Northeast,DSP-12
O-1767,R-2023-05-07-01,4,2023-05-07 11:35:25,2023-05-07 11:45:25,1,BOS-3,Northeast,DSP-12
O-1768,R-2023-05-07-01,5,2023-05-07 15:29:03,2023-05-07 15:49:03,1,BOS-3,Northeast,DSP-12
O-1769,R-2023-05-07-01,6,2023-05-07 16:31:02,2023-05-07 16:21:02,1,BOS-3,Northeast,DSP-12
O-1770,R-2023-05-07-01,7,2023-05-07 17:53:20,2023-05-07 17:28:20,1,BOS-3,Northeast,DSP-12
O-1771,R-2023-05-07-01,8,2023-05-07 14:27:49,2023-05-07 15:02:49,1,BOS-3,Northeast,DSP-12
O-1772,R-2023-05-07-01,9,2023-05-07 17:55:57,2023-05-07 18:55:57,1,BOS-3,Northeast,DSP-12
O-1773,R-2023-05-07-01,10,2023-05-07 14:43:39,,0,BOS-3,Northeast,DSP-12
O-1774,R-2023-05-07-01,11,2023-05-07 12:56:51,2023-05-07 13:06:51,1,BOS-3,Northeast,DSP-12
O-1775,R-2023-05-07-02,1,2023-05-07 13:30:54,2023-05-07 13:40:54,1,NYC-2,Northeast,DSP-12
O-1776,R-2023-05-07-02,2,2023-05-07 12:15:46,2023-05-07 12:25:46,1,NYC-2,Northeast,DSP-12
O-1777,R-2023-05-07-02,3,2023-05-07 14:28:00,2023-05-07 14:03:00,1,NYC-2,Northeast,DSP-12
O-1778,R-2023-05-07-02,4,2023-05-07 15:43:36,2023-05-07 15:43:36,1,NYC-2,Northeast,DSP-12
O-1779,R-2023-05-07-02,5,2023-05-07 17:15:25,2023-05-07 17:05:25,1,NYC-2,Northeast,DSP-12
O-1780,R-2023-05-07-02,6,2023-05-07 14:00:17,2023-05-07 15:00:17,1,NYC-2,Northeast,DSP-12
O-1781,R-2023-05-07-02,7,2023-05-07 18:45:35,2023-05-07 19:45:35,0,NYC-2,Northeast,DSP-12
O-1782,R-2023-05-07-03,1,2023-05-07 14:23:17,,0,NYC-2,Northeast,DSP-12
O-1783,R-2023-05-07-03,2,2023-05-07 16:28:10,2023-05-07 16:23:10,1,NYC-2,Northeast,DSP-12
O-1784,R-2023-05-07-03,3,2023-05-07 17:28:18,2023-05-07 17:28:18,1,NYC-2,Northeast,DSP-12
O-1785,R-2023-05-07-03,4,2023-05-07 14:26:23,2023-05-07 14:16:23,1,NYC-2,Northeast,DSP-12
O-1786,R-2023-05-07-03,5,2023-05-07 12:57:37,2023-05-07 12:47:37,1,NYC-2,Northeast,DSP-12
O-1787,R-2023-05-07-03,6,2023-05-07 15:22:57,2023-05-07 15:17:57,1,NYC-2,Northeast,DSP-12
O-1788,R-2023-05-07-03,7,2023-05-07 17:56:21,2023-05-07 17:51:21,1,NYC-2,Northeast,DSP-12
O-1789,R-2023-05-07-03,8,2023-05-07 16:25:53,,0,NYC-2,Northeast,DSP-12
O-1790,R-2023-05-07-03,9,2023-05-07 14:25:43,2023-05-07 14:45:43,1,NYC-2,Northeast,DSP-12
O-1791,R-2023-05-07-03,10,2023-05-07 17:54:34,2023-05-07 17:44:34,1,NYC-2,Northeast,DSP-12
O-1792,R-2023-05-07-03,11,2023-05-07 15:02:51,2023-05-07 15:22:51,0,NYC-2,Northeast,DSP-12
O-1793,R-2023-05-07-03,12,2023-05-07 11:33:20,2023-05-07 11:08:20,1,NYC-2,Northeast,DSP-12
O-1794,R-2023-05-07-03,13,2023-05-07 14:03:40,2023-05-07 14:23:40,1,NYC-2,Northeast,DSP-12
O-1795,R-2023-05-07-03,14,2023-05-07 15:55:58,2023-05-07 15:45:58,1,NYC-2,Northeast,DSP-12
O-1796,R-2023-05-07-03,15,2023-05-07 11:18:14,2023-05-07 11:18:14,1,NYC-2,Northeast,DSP-12
O-1797,R-2023-05-07-03,16,2023-05-07 14:34:58,,0,NYC-2,Northeast,DSP-12
O-1798,R-2023-05-07-03,17,2023-05-07 17:24:50,2023-05-07 18:24:50,0,NYC-2,Northeast,DSP-12
O-1799,R-2023-05-07-04,1,2023-05-07 11:21:50,,0,SEA-5,Northwest,DSP-31
O-1800,R-2023-05-07-04,2,2023-05-07 16:53:47,,0,SEA-5,Northwest,DSP-31
O-1801,R-2023-05-07-04,3,2023-05-07 15:36:03,2023-05-07 15:31:03,1,SEA-5,Northwest,DSP-31
O-1802,R-2023-05-07-04,4,2023-05-07 13:54:53,2023-05-07 14:04:53,1,SEA-5,Northwest,DSP-31
O-1803,R-2023-05-07-04,5,2023-05-07 12:53:29,2023-05-07 12:53:29,1,SEA-5,Northwest,DSP-31
O-1804,R-2023-05-07-04,6,2023-05-07 16:13:05,2023-05-07 16:03:05,1,SEA-5,Northwest,DSP-31
O-1805,R-2023-05-07-04,7,2023-05-07 12:39:22,2023-05-07 12:34:22,1,SEA-5,Northwest,DSP-31
O-1806,R-2023-05-07-04,8,2023-05-07 11:21:35,2023-05-07 11:11:35,1,SEA-5,Northwest,DSP-31
O-1807,R-2023-05-07-04,9,2023-05-07 16:19:52,2023-05-07 16:19:52,1,SEA-5,Northwest,DSP-31
O-1808,R-2023-05-07-04,10,2023-05-07 16:36:03,2023-05-07 16:31:03,1,SEA-5,Northwest,DSP-31
O-1809,R-2023-05-07-04,11,2023-05-07 12:00:27,2023-05-07 11:35:27,1,SEA-5,Northwest,DSP-31
O-1810,R-2023-05-07-05,1,2023-05-07 15:24:52,2023-05-07 14:59:52,1,SEA-5,Northwest,DSP-31
O-1811,R-2023-05-07-05,2,2023-05-07 12:34:03,2023-05-07 12:34:03,1,SEA-5,Northwest,DSP-31
O-1812,R-2023-05-07-05,3,2023-05-07 13:34:51,2023-05-07 13:44:51,1,SEA-5,Northwest,DSP-31
O-1813,R-2023-05-07-05,4,2023-05-07 13:52:47,2023-05-07 14:52:47,1,SEA-5,Northwest,DSP-31
O-1814,R-2023-05-07-05,5,2023-05-07 11:49:27,2023-05-07 11:59:27,1,SEA-5,Northwest,DSP-31
O-1815,R-2023-05-07-05,6,2023-05-07 11:30:03,,0,SEA-5,Northwest,DSP-31
O-1816,R-2023-05-07-05,7,2023-05-07 14:47:46,,0,SEA-5,Northwest,DSP-31
O-1817,R-2023-05-07-05,8,2023-05-07 11:15:03,2023-05-07 11:50:03,1,SEA-5,Northwest,DSP-31
O-1818,R-2023-05-07-05,9,2023-05-07 15:14:53,2023-05-07 15:34:53,1,SEA-5,Northwest,DSP-31
O-1819,R-2023-05-07-05,10,2023-05-07 13:24:43,2023-05-07 13:14:43,1,SEA-5,Northwest,DSP-31
O-1820,R-2023-05-07-05,11,2023-05-07 12:26:56,2023-05-07 13:26:56,1,SEA-5,Northwest,DSP-31
O-1821,R-2023-05-07-05,12,2023-05-07 13:50:02,2023-05-07 13:40:02,1,SEA-5,Northwest,DSP-31
O-1822,R-2023-05-07-05,13,2023-05-07 11:59:55,2023-05-07 11:54:55,1,SEA-5,Northwest,DSP-31
O-1823,R-2023-05-07-06,1,2023-05-07 13:16:03,2023-05-07 13:16:03,1,BOS-3,Northeast,DSP-31
O-1824,R-2023-05-07-06,2,2023-05-07 11:22:45,2023-05-07 11:17:45,1,BOS-3,Northeast,DSP-31
O-1825,R-2023-05-07-06,3,2023-05-07 14:24:06,2023-05-07 14:24:06,1,BOS-3,Northeast,DSP-31
O-1826,R-2023-05-07-06,4,2023-05-07 14:46:50,2023-05-07 14:56:50,1,BOS-3,Northeast,DSP-31
O-1827,R-2023-05-07-06,5,2023-05-07 16:27:00,2023-05-07 16:47:00,0,BOS-3,Northeast,DSP-31
O-1828,R-2023-05-07-06,6,2023-05-07 13:33:10,2023-05-07 13:08:10,1,BOS-3,Northeast,DSP-31
O-1829,R-2023-05-07-06,7,2023-05-07 12:46:20,2023-05-07 12:21:20,1,BOS-3,Northeast,DSP-31
O-1830,R-2023-05-07-06,8,2023-05-07 13:42:59,2023-05-07 13:52:59,1,BOS-3,Northeast,DSP-31
O-1831,R-2023-05-07-06,9,2023-05-07 12:28:16,2023-05-07 13:03:16,0,BOS-3,Northeast,DSP-31
O-1832,R-2023-05-07-06,10,2023-05-07 12:38:42,2023-05-07 12:58:42,0,BOS-3,Northeast,DSP-31
O-1833,R-2023-05-07-06,11,2023-05-07 15:06:57,2023-05-07 15:16:57,1,BOS-3,Northeast,DSP-31
O-1834,R-2023-05-07-06,12,2023-05-07 14:09:27,2023-05-07 14:44:27,0,BOS-3,Northeast,DSP-31
O-1835,R-2023-05-07-06,13,2023-05-07 12:04:16,2023-05-07 11:54:16,1,BOS-3,Northeast,DSP-31
O-1836,R-2023-05-07-06,14,2023-05-07 13:28:03,2023-05-07 13:48:03,1,BOS-3,Northeast,DSP-31
O-1837,R-2023-05-07-07,1,2023-05-07 11:51:37,2023-05-07 11:51:37,1,BOS-3,Northeast,DSP-12
O-1838,R-2023-05-07-07,2,2023-05-07 15:40:18,2023-05-07 15:30:18,1,BOS-3,Northeast,DSP-12
O-1839,R-2023-05-07-07,3,2023-05-07 13:59:41,2023-05-07 13:49:41,1,BOS-3,Northeast,DSP-12
O-1840,R-2023-05-07-07,4,2023-05-07 17:28:36,2023-05-07 17:03:36,1,BOS-3,Northeast,DSP-12
O-1841,R-2023-05-07-07,5,2023-05-07 18:09:20,2023-05-07 17:44:20,1,BOS-3,Northeast,DSP-12
O-1842,R-2023-05-07-07,6,2023-05-07 14:23:04,2023-05-07 14:58:04,1,BOS-3,Northeast,DSP-12
O-1843,R-2023-05-07-07,7,2023-05-07 15:36:30,2023-05-07 15:56:30,0,BOS-3,Northeast,DSP-12
